pokedex_number,pokemon_name,source_page_url,downloaded_image_url,local_filename,success_failure,selection_method,error
0001,Bulbasaur,https://www.pokemon.com/us/pokedex/bulbasaur,https://www.pokemon.com/static-assets/content-assets/cms2/img/pokedex/full/001.png,0001_bulbasaur.png,success,canonical-full-asset,
0002,Ivysaur,https://www.pokemon.com/us/pokedex/ivysaur,https://www.pokemon.com/static-assets/content-assets/cms2/img/pokedex/full/002.png,0002_ivysaur.png,success,canonical-full-asset,
0003,Venusaur,https://www.pokemon.com/us/pokedex/venusaur,https://www.pokemon.com/static-assets/content-assets/cms2/img/pokedex/full/003.png,0003_venusaur.png,success,canonical-full-asset,
0004,Charmander,https://www.pokemon.com/us/pokedex/charmander,https://www.pokemon.com/static-assets/content-assets/cms2/img/pokedex/full/004.png,0004_charmander.png,success,canonical-full-asset,
0005,Charmeleon,https://www.pokemon.com/us/pokedex/charmeleon,https://www.pokemon.com/static-assets/content-assets/cms2/img/pokedex/full/005.png,0005_charmeleon.png,success,canonical-full-asset,
0006,Charizard,https://www.pokemon.com/us/pokedex/charizard,https://www.pokemon.com/static-assets/content-assets/cms2/img/pokedex/full/006.png,0006_charizard.png,success,canonical-full-asset,
0007,Squirtle,https://www.pokemon.com/us/pokedex/squirtle,https://www.pokemon.com/static-assets/content-assets/cms2/img/pokedex/full/007.png,0007_squirtle.png,success,canonical-full-asset,
0008,Wartortle,https://www.pokemon.com/us/pokedex/wartortle,https://www.pokemon.com/static-assets/content-assets/cms2/img/pokedex/full/008.png,0008_wartortle.png,success,canonical-full-asset,
0009,Blastoise,https://www.pokemon.com/us/pokedex/blastoise,https://www.pokemon.com/static-assets/content-assets/cms2/img/pokedex/full/009.png,0009_blastoise.png,success,canonical-full-asset,
0010,Caterpie,https://www.pokemon.com/us/pokedex/caterpie,https://www.pokemon.com/static-assets/content-assets/cms2/img/pokedex/full/010.png,0010_caterpie.png,success,canonical-full-asset,
0011,Metapod,https://www.pokemon.com/us/pokedex/metapod,https://www.pokemon.com/static-assets/content-assets/cms2/img/pokedex/full/011.png,0011_metapod.png,success,canonical-full-asset,
0012,Butterfree,https://www.pokemon.com/us/pokedex/butterfree,https://www.pokemon.com/static-assets/content-assets/cms2/img/pokedex/full/012.png,0012_butterfree.png,success,canonical-full-asset,
0013,Weedle,https://www.pokemon.com/us/pokedex/weedle,https://www.pokemon.com/static-assets/content-assets/cms2/img/pokedex/full/013.png,0013_weedle.png,success,canonical-full-asset,
0014,Kakuna,https://www.pokemon.com/us/pokedex/kakuna,https://www.pokemon.com/static-assets/content-assets/cms2/img/pokedex/full/014.png,0014_kakuna.png,success,canonical-full-asset,
0015,Beedrill,https://www.pokemon.com/us/pokedex/beedrill,https://www.pokemon.com/static-assets/content-assets/cms2/img/pokedex/full/015.png,0015_beedrill.png,success,canonical-full-asset,
0016,Pidgey,https://www.pokemon.com/us/pokedex/pidgey,https://www.pokemon.com/static-assets/content-assets/cms2/img/pokedex/full/016.png,0016_pidgey.png,success,canonical-full-asset,
0017,Pidgeotto,https://www.pokemon.com/us/pokedex/pidgeotto,https://www.pokemon.com/static-assets/content-assets/cms2/img/pokedex/full/017.png,0017_pidgeotto.png,success,canonical-full-asset,
0018,Pidgeot,https://www.pokemon.com/us/pokedex/pidgeot,https://www.pokemon.com/static-assets/content-assets/cms2/img/pokedex/full/018.png,0018_pidgeot.png,success,canonical-full-asset,
0019,Rattata,https://www.pokemon.com/us/pokedex/rattata,https://www.pokemon.com/static-assets/content-assets/cms2/img/pokedex/full/019.png,0019_rattata.png,success,canonical-full-asset,
0020,Raticate,https://www.pokemon.com/us/pokedex/raticate,https://www.pokemon.com/static-assets/content-assets/cms2/img/pokedex/full/020.png,0020_raticate.png,success,canonical-full-asset,
0021,Spearow,https://www.pokemon.com/us/pokedex/spearow,https://www.pokemon.com/static-assets/content-assets/cms2/img/pokedex/full/021.png,0021_spearow.png,success,canonical-full-asset,
0022,Fearow,https://www.pokemon.com/us/pokedex/fearow,https://www.pokemon.com/static-assets/content-assets/cms2/img/pokedex/full/022.png,0022_fearow.png,success,canonical-full-asset,
0023,Ekans,https://www.pokemon.com/us/pokedex/ekans,https://www.pokemon.com/static-assets/content-assets/cms2/img/pokedex/full/023.png,0023_ekans.png,success,canonical-full-asset,
0024,Arbok,https://www.pokemon.com/us/pokedex/arbok,https://www.pokemon.com/static-assets/content-assets/cms2/img/pokedex/full/024.png,0024_arbok.png,success,canonical-full-asset,
0025,Pikachu,https://www.pokemon.com/us/pokedex/pikachu,https://www.pokemon.com/static-assets/content-assets/cms2/img/pokedex/full/025.png,0025_pikachu.png,success,canonical-full-asset,
0026,Raichu,https://www.pokemon.com/us/pokedex/raichu,https://www.pokemon.com/static-assets/content-assets/cms2/img/pokedex/full/026.png,0026_raichu.png,success,canonical-full-asset,
0027,Sandshrew,https://www.pokemon.com/us/pokedex/sandshrew,https://www.pokemon.com/static-assets/content-assets/cms2/img/pokedex/full/027.png,0027_sandshrew.png,success,canonical-full-asset,
0028,Sandslash,https://www.pokemon.com/us/pokedex/sandslash,https://www.pokemon.com/static-assets/content-assets/cms2/img/pokedex/full/028.png,0028_sandslash.png,success,canonical-full-asset,
0029,Nidoran F,https://www.pokemon.com/us/pokedex/nidoran-f,https://www.pokemon.com/static-assets/content-assets/cms2/img/pokedex/full/029.png,0029_nidoran_f.png,success,canonical-full-asset,
0030,Nidorina,https://www.pokemon.com/us/pokedex/nidorina,https://www.pokemon.com/static-assets/content-assets/cms2/img/pokedex/full/030.png,0030_nidorina.png,success,canonical-full-asset,
0031,Nidoqueen,https://www.pokemon.com/us/pokedex/nidoqueen,https://www.pokemon.com/static-assets/content-assets/cms2/img/pokedex/full/031.png,0031_nidoqueen.png,success,canonical-full-asset,
0032,Nidoran M,https://www.pokemon.com/us/pokedex/nidoran-m,https://www.pokemon.com/static-assets/content-assets/cms2/img/pokedex/full/032.png,0032_nidoran_m.png,success,canonical-full-asset,
0033,Nidorino,https://www.pokemon.com/us/pokedex/nidorino,https://www.pokemon.com/static-assets/content-assets/cms2/img/pokedex/full/033.png,0033_nidorino.png,success,canonical-full-asset,
0034,Nidoking,https://www.pokemon.com/us/pokedex/nidoking,https://www.pokemon.com/static-assets/content-assets/cms2/img/pokedex/full/034.png,0034_nidoking.png,success,canonical-full-asset,
0035,Clefairy,https://www.pokemon.com/us/pokedex/clefairy,https://www.pokemon.com/static-assets/content-assets/cms2/img/pokedex/full/035.png,0035_clefairy.png,success,canonical-full-asset,
0036,Clefable,https://www.pokemon.com/us/pokedex/clefable,https://www.pokemon.com/static-assets/content-assets/cms2/img/pokedex/full/036.png,0036_clefable.png,success,canonical-full-asset,
0037,Vulpix,https://www.pokemon.com/us/pokedex/vulpix,https://www.pokemon.com/static-assets/content-assets/cms2/img/pokedex/full/037.png,0037_vulpix.png,success,canonical-full-asset,
0038,Ninetales,https://www.pokemon.com/us/pokedex/ninetales,https://www.pokemon.com/static-assets/content-assets/cms2/img/pokedex/full/038.png,0038_ninetales.png,success,canonical-full-asset,
0039,Jigglypuff,https://www.pokemon.com/us/pokedex/jigglypuff,https://www.pokemon.com/static-assets/content-assets/cms2/img/pokedex/full/039.png,0039_jigglypuff.png,success,canonical-full-asset,
0040,Wigglytuff,https://www.pokemon.com/us/pokedex/wigglytuff,https://www.pokemon.com/static-assets/content-assets/cms2/img/pokedex/full/040.png,0040_wigglytuff.png,success,canonical-full-asset,
0041,Zubat,https://www.pokemon.com/us/pokedex/zubat,https://www.pokemon.com/static-assets/content-assets/cms2/img/pokedex/full/041.png,0041_zubat.png,success,canonical-full-asset,
0042,Golbat,https://www.pokemon.com/us/pokedex/golbat,https://www.pokemon.com/static-assets/content-assets/cms2/img/pokedex/full/042.png,0042_golbat.png,success,canonical-full-asset,
0043,Oddish,https://www.pokemon.com/us/pokedex/oddish,https://www.pokemon.com/static-assets/content-assets/cms2/img/pokedex/full/043.png,0043_oddish.png,success,canonical-full-asset,
0044,Gloom,https://www.pokemon.com/us/pokedex/gloom,https://www.pokemon.com/static-assets/content-assets/cms2/img/pokedex/full/044.png,0044_gloom.png,success,canonical-full-asset,
0045,Vileplume,https://www.pokemon.com/us/pokedex/vileplume,https://www.pokemon.com/static-assets/content-assets/cms2/img/pokedex/full/045.png,0045_vileplume.png,success,canonical-full-asset,
0046,Paras,https://www.pokemon.com/us/pokedex/paras,https://www.pokemon.com/static-assets/content-assets/cms2/img/pokedex/full/046.png,0046_paras.png,success,canonical-full-asset,
0047,Parasect,https://www.pokemon.com/us/pokedex/parasect,https://www.pokemon.com/static-assets/content-assets/cms2/img/pokedex/full/047.png,0047_parasect.png,success,canonical-full-asset,
0048,Venonat,https://www.pokemon.com/us/pokedex/venonat,https://www.pokemon.com/static-assets/content-assets/cms2/img/pokedex/full/048.png,0048_venonat.png,success,canonical-full-asset,
0049,Venomoth,https://www.pokemon.com/us/pokedex/venomoth,https://www.pokemon.com/static-assets/content-assets/cms2/img/pokedex/full/049.png,0049_venomoth.png,success,canonical-full-asset,
0050,Diglett,https://www.pokemon.com/us/pokedex/diglett,https://www.pokemon.com/static-assets/content-assets/cms2/img/pokedex/full/050.png,0050_diglett.png,success,canonical-full-asset,
0051,Dugtrio,https://www.pokemon.com/us/pokedex/dugtrio,https://www.pokemon.com/static-assets/content-assets/cms2/img/pokedex/full/051.png,0051_dugtrio.png,success,canonical-full-asset,
0052,Meowth,https://www.pokemon.com/us/pokedex/meowth,https://www.pokemon.com/static-assets/content-assets/cms2/img/pokedex/full/052.png,0052_meowth.png,success,canonical-full-asset,
0053,Persian,https://www.pokemon.com/us/pokedex/persian,https://www.pokemon.com/static-assets/content-assets/cms2/img/pokedex/full/053.png,0053_persian.png,success,canonical-full-asset,
0054,Psyduck,https://www.pokemon.com/us/pokedex/psyduck,https://www.pokemon.com/static-assets/content-assets/cms2/img/pokedex/full/054.png,0054_psyduck.png,success,canonical-full-asset,
0055,Golduck,https://www.pokemon.com/us/pokedex/golduck,https://www.pokemon.com/static-assets/content-assets/cms2/img/pokedex/full/055.png,0055_golduck.png,success,canonical-full-asset,
0056,Mankey,https://www.pokemon.com/us/pokedex/mankey,https://www.pokemon.com/static-assets/content-assets/cms2/img/pokedex/full/056.png,0056_mankey.png,success,canonical-full-asset,
0057,Primeape,https://www.pokemon.com/us/pokedex/primeape,https://www.pokemon.com/static-assets/content-assets/cms2/img/pokedex/full/057.png,0057_primeape.png,success,canonical-full-asset,
0058,Growlithe,https://www.pokemon.com/us/pokedex/growlithe,https://www.pokemon.com/static-assets/content-assets/cms2/img/pokedex/full/058.png,0058_growlithe.png,success,canonical-full-asset,
0059,Arcanine,https://www.pokemon.com/us/pokedex/arcanine,https://www.pokemon.com/static-assets/content-assets/cms2/img/pokedex/full/059.png,0059_arcanine.png,success,canonical-full-asset,
0060,Poliwag,https://www.pokemon.com/us/pokedex/poliwag,https://www.pokemon.com/static-assets/content-assets/cms2/img/pokedex/full/060.png,0060_poliwag.png,success,canonical-full-asset,
0061,Poliwhirl,https://www.pokemon.com/us/pokedex/poliwhirl,https://www.pokemon.com/static-assets/content-assets/cms2/img/pokedex/full/061.png,0061_poliwhirl.png,success,canonical-full-asset,
0062,Poliwrath,https://www.pokemon.com/us/pokedex/poliwrath,https://www.pokemon.com/static-assets/content-assets/cms2/img/pokedex/full/062.png,0062_poliwrath.png,success,canonical-full-asset,
0063,Abra,https://www.pokemon.com/us/pokedex/abra,https://www.pokemon.com/static-assets/content-assets/cms2/img/pokedex/full/063.png,0063_abra.png,success,canonical-full-asset,
0064,Kadabra,https://www.pokemon.com/us/pokedex/kadabra,https://www.pokemon.com/static-assets/content-assets/cms2/img/pokedex/full/064.png,0064_kadabra.png,success,canonical-full-asset,
0065,Alakazam,https://www.pokemon.com/us/pokedex/alakazam,https://www.pokemon.com/static-assets/content-assets/cms2/img/pokedex/full/065.png,0065_alakazam.png,success,canonical-full-asset,
0066,Machop,https://www.pokemon.com/us/pokedex/machop,https://www.pokemon.com/static-assets/content-assets/cms2/img/pokedex/full/066.png,0066_machop.png,success,canonical-full-asset,
0067,Machoke,https://www.pokemon.com/us/pokedex/machoke,https://www.pokemon.com/static-assets/content-assets/cms2/img/pokedex/full/067.png,0067_machoke.png,success,canonical-full-asset,
0068,Machamp,https://www.pokemon.com/us/pokedex/machamp,https://www.pokemon.com/static-assets/content-assets/cms2/img/pokedex/full/068.png,0068_machamp.png,success,canonical-full-asset,
0069,Bellsprout,https://www.pokemon.com/us/pokedex/bellsprout,https://www.pokemon.com/static-assets/content-assets/cms2/img/pokedex/full/069.png,0069_bellsprout.png,success,canonical-full-asset,
0070,Weepinbell,https://www.pokemon.com/us/pokedex/weepinbell,https://www.pokemon.com/static-assets/content-assets/cms2/img/pokedex/full/070.png,0070_weepinbell.png,success,canonical-full-asset,
0071,Victreebel,https://www.pokemon.com/us/pokedex/victreebel,https://www.pokemon.com/static-assets/content-assets/cms2/img/pokedex/full/071.png,0071_victreebel.png,success,canonical-full-asset,
0072,Tentacool,https://www.pokemon.com/us/pokedex/tentacool,https://www.pokemon.com/static-assets/content-assets/cms2/img/pokedex/full/072.png,0072_tentacool.png,success,canonical-full-asset,
0073,Tentacruel,https://www.pokemon.com/us/pokedex/tentacruel,https://www.pokemon.com/static-assets/content-assets/cms2/img/pokedex/full/073.png,0073_tentacruel.png,success,canonical-full-asset,
0074,Geodude,https://www.pokemon.com/us/pokedex/geodude,https://www.pokemon.com/static-assets/content-assets/cms2/img/pokedex/full/074.png,0074_geodude.png,success,canonical-full-asset,
0075,Graveler,https://www.pokemon.com/us/pokedex/graveler,https://www.pokemon.com/static-assets/content-assets/cms2/img/pokedex/full/075.png,0075_graveler.png,success,canonical-full-asset,
0076,Golem,https://www.pokemon.com/us/pokedex/golem,https://www.pokemon.com/static-assets/content-assets/cms2/img/pokedex/full/076.png,0076_golem.png,success,canonical-full-asset,
0077,Ponyta,https://www.pokemon.com/us/pokedex/ponyta,https://www.pokemon.com/static-assets/content-assets/cms2/img/pokedex/full/077.png,0077_ponyta.png,success,canonical-full-asset,
0078,Rapidash,https://www.pokemon.com/us/pokedex/rapidash,https://www.pokemon.com/static-assets/content-assets/cms2/img/pokedex/full/078.png,0078_rapidash.png,success,canonical-full-asset,
0079,Slowpoke,https://www.pokemon.com/us/pokedex/slowpoke,https://www.pokemon.com/static-assets/content-assets/cms2/img/pokedex/full/079.png,0079_slowpoke.png,success,canonical-full-asset,
0080,Slowbro,https://www.pokemon.com/us/pokedex/slowbro,https://www.pokemon.com/static-assets/content-assets/cms2/img/pokedex/full/080.png,0080_slowbro.png,success,canonical-full-asset,
0081,Magnemite,https://www.pokemon.com/us/pokedex/magnemite,https://www.pokemon.com/static-assets/content-assets/cms2/img/pokedex/full/081.png,0081_magnemite.png,success,canonical-full-asset,
0082,Magneton,https://www.pokemon.com/us/pokedex/magneton,https://www.pokemon.com/static-assets/content-assets/cms2/img/pokedex/full/082.png,0082_magneton.png,success,canonical-full-asset,
0083,Farfetchd,https://www.pokemon.com/us/pokedex/farfetchd,https://www.pokemon.com/static-assets/content-assets/cms2/img/pokedex/full/083.png,0083_farfetchd.png,success,canonical-full-asset,
0084,Doduo,https://www.pokemon.com/us/pokedex/doduo,https://www.pokemon.com/static-assets/content-assets/cms2/img/pokedex/full/084.png,0084_doduo.png,success,canonical-full-asset,
0085,Dodrio,https://www.pokemon.com/us/pokedex/dodrio,https://www.pokemon.com/static-assets/content-assets/cms2/img/pokedex/full/085.png,0085_dodrio.png,success,canonical-full-asset,
0086,Seel,https://www.pokemon.com/us/pokedex/seel,https://www.pokemon.com/static-assets/content-assets/cms2/img/pokedex/full/086.png,0086_seel.png,success,canonical-full-asset,
0087,Dewgong,https://www.pokemon.com/us/pokedex/dewgong,https://www.pokemon.com/static-assets/content-assets/cms2/img/pokedex/full/087.png,0087_dewgong.png,success,canonical-full-asset,
0088,Grimer,https://www.pokemon.com/us/pokedex/grimer,https://www.pokemon.com/static-assets/content-assets/cms2/img/pokedex/full/088.png,0088_grimer.png,success,canonical-full-asset,
0089,Muk,https://www.pokemon.com/us/pokedex/muk,https://www.pokemon.com/static-assets/content-assets/cms2/img/pokedex/full/089.png,0089_muk.png,success,canonical-full-asset,
0090,Shellder,https://www.pokemon.com/us/pokedex/shellder,https://www.pokemon.com/static-assets/content-assets/cms2/img/pokedex/full/090.png,0090_shellder.png,success,canonical-full-asset,
0091,Cloyster,https://www.pokemon.com/us/pokedex/cloyster,https://www.pokemon.com/static-assets/content-assets/cms2/img/pokedex/full/091.png,0091_cloyster.png,success,canonical-full-asset,
0092,Gastly,https://www.pokemon.com/us/pokedex/gastly,https://www.pokemon.com/static-assets/content-assets/cms2/img/pokedex/full/092.png,0092_gastly.png,success,canonical-full-asset,
0093,Haunter,https://www.pokemon.com/us/pokedex/haunter,https://www.pokemon.com/static-assets/content-assets/cms2/img/pokedex/full/093.png,0093_haunter.png,success,canonical-full-asset,
0094,Gengar,https://www.pokemon.com/us/pokedex/gengar,https://www.pokemon.com/static-assets/content-assets/cms2/img/pokedex/full/094.png,0094_gengar.png,success,canonical-full-asset,
0095,Onix,https://www.pokemon.com/us/pokedex/onix,https://www.pokemon.com/static-assets/content-assets/cms2/img/pokedex/full/095.png,0095_onix.png,success,canonical-full-asset,
0096,Drowzee,https://www.pokemon.com/us/pokedex/drowzee,https://www.pokemon.com/static-assets/content-assets/cms2/img/pokedex/full/096.png,0096_drowzee.png,success,canonical-full-asset,
0097,Hypno,https://www.pokemon.com/us/pokedex/hypno,https://www.pokemon.com/static-assets/content-assets/cms2/img/pokedex/full/097.png,0097_hypno.png,success,canonical-full-asset,
0098,Krabby,https://www.pokemon.com/us/pokedex/krabby,https://www.pokemon.com/static-assets/content-assets/cms2/img/pokedex/full/098.png,0098_krabby.png,success,canonical-full-asset,
0099,Kingler,https://www.pokemon.com/us/pokedex/kingler,https://www.pokemon.com/static-assets/content-assets/cms2/img/pokedex/full/099.png,0099_kingler.png,success,canonical-full-asset,
0100,Voltorb,https://www.pokemon.com/us/pokedex/voltorb,https://www.pokemon.com/static-assets/content-assets/cms2/img/pokedex/full/100.png,0100_voltorb.png,success,canonical-full-asset,
0101,Electrode,https://www.pokemon.com/us/pokedex/electrode,https://www.pokemon.com/static-assets/content-assets/cms2/img/pokedex/full/101.png,0101_electrode.png,success,canonical-full-asset,
0102,Exeggcute,https://www.pokemon.com/us/pokedex/exeggcute,https://www.pokemon.com/static-assets/content-assets/cms2/img/pokedex/full/102.png,0102_exeggcute.png,success,canonical-full-asset,
0103,Exeggutor,https://www.pokemon.com/us/pokedex/exeggutor,https://www.pokemon.com/static-assets/content-assets/cms2/img/pokedex/full/103.png,0103_exeggutor.png,success,canonical-full-asset,
0104,Cubone,https://www.pokemon.com/us/pokedex/cubone,https://www.pokemon.com/static-assets/content-assets/cms2/img/pokedex/full/104.png,0104_cubone.png,success,canonical-full-asset,
0105,Marowak,https://www.pokemon.com/us/pokedex/marowak,https://www.pokemon.com/static-assets/content-assets/cms2/img/pokedex/full/105.png,0105_marowak.png,success,canonical-full-asset,
0106,Hitmonlee,https://www.pokemon.com/us/pokedex/hitmonlee,https://www.pokemon.com/static-assets/content-assets/cms2/img/pokedex/full/106.png,0106_hitmonlee.png,success,canonical-full-asset,
0107,Hitmonchan,https://www.pokemon.com/us/pokedex/hitmonchan,https://www.pokemon.com/static-assets/content-assets/cms2/img/pokedex/full/107.png,0107_hitmonchan.png,success,canonical-full-asset,
0108,Lickitung,https://www.pokemon.com/us/pokedex/lickitung,https://www.pokemon.com/static-assets/content-assets/cms2/img/pokedex/full/108.png,0108_lickitung.png,success,canonical-full-asset,
0109,Koffing,https://www.pokemon.com/us/pokedex/koffing,https://www.pokemon.com/static-assets/content-assets/cms2/img/pokedex/full/109.png,0109_koffing.png,success,canonical-full-asset,
0110,Weezing,https://www.pokemon.com/us/pokedex/weezing,https://www.pokemon.com/static-assets/content-assets/cms2/img/pokedex/full/110.png,0110_weezing.png,success,canonical-full-asset,
0111,Rhyhorn,https://www.pokemon.com/us/pokedex/rhyhorn,https://www.pokemon.com/static-assets/content-assets/cms2/img/pokedex/full/111.png,0111_rhyhorn.png,success,canonical-full-asset,
0112,Rhydon,https://www.pokemon.com/us/pokedex/rhydon,https://www.pokemon.com/static-assets/content-assets/cms2/img/pokedex/full/112.png,0112_rhydon.png,success,canonical-full-asset,
0113,Chansey,https://www.pokemon.com/us/pokedex/chansey,https://www.pokemon.com/static-assets/content-assets/cms2/img/pokedex/full/113.png,0113_chansey.png,success,canonical-full-asset,
0114,Tangela,https://www.pokemon.com/us/pokedex/tangela,https://www.pokemon.com/static-assets/content-assets/cms2/img/pokedex/full/114.png,0114_tangela.png,success,canonical-full-asset,
0115,Kangaskhan,https://www.pokemon.com/us/pokedex/kangaskhan,https://www.pokemon.com/static-assets/content-assets/cms2/img/pokedex/full/115.png,0115_kangaskhan.png,success,canonical-full-asset,
0116,Horsea,https://www.pokemon.com/us/pokedex/horsea,https://www.pokemon.com/static-assets/content-assets/cms2/img/pokedex/full/116.png,0116_horsea.png,success,canonical-full-asset,
0117,Seadra,https://www.pokemon.com/us/pokedex/seadra,https://www.pokemon.com/static-assets/content-assets/cms2/img/pokedex/full/117.png,0117_seadra.png,success,canonical-full-asset,
0118,Goldeen,https://www.pokemon.com/us/pokedex/goldeen,https://www.pokemon.com/static-assets/content-assets/cms2/img/pokedex/full/118.png,0118_goldeen.png,success,canonical-full-asset,
0119,Seaking,https://www.pokemon.com/us/pokedex/seaking,https://www.pokemon.com/static-assets/content-assets/cms2/img/pokedex/full/119.png,0119_seaking.png,success,canonical-full-asset,
0120,Staryu,https://www.pokemon.com/us/pokedex/staryu,https://www.pokemon.com/static-assets/content-assets/cms2/img/pokedex/full/120.png,0120_staryu.png,success,canonical-full-asset,
0121,Starmie,https://www.pokemon.com/us/pokedex/starmie,https://www.pokemon.com/static-assets/content-assets/cms2/img/pokedex/full/121.png,0121_starmie.png,success,canonical-full-asset,
0122,Mr Mime,https://www.pokemon.com/us/pokedex/mr-mime,https://www.pokemon.com/static-assets/content-assets/cms2/img/pokedex/full/122.png,0122_mr_mime.png,success,canonical-full-asset,
0123,Scyther,https://www.pokemon.com/us/pokedex/scyther,https://www.pokemon.com/static-assets/content-assets/cms2/img/pokedex/full/123.png,0123_scyther.png,success,canonical-full-asset,
0124,Jynx,https://www.pokemon.com/us/pokedex/jynx,https://www.pokemon.com/static-assets/content-assets/cms2/img/pokedex/full/124.png,0124_jynx.png,success,canonical-full-asset,
0125,Electabuzz,https://www.pokemon.com/us/pokedex/electabuzz,https://www.pokemon.com/static-assets/content-assets/cms2/img/pokedex/full/125.png,0125_electabuzz.png,success,canonical-full-asset,
0126,Magmar,https://www.pokemon.com/us/pokedex/magmar,https://www.pokemon.com/static-assets/content-assets/cms2/img/pokedex/full/126.png,0126_magmar.png,success,canonical-full-asset,
0127,Pinsir,https://www.pokemon.com/us/pokedex/pinsir,https://www.pokemon.com/static-assets/content-assets/cms2/img/pokedex/full/127.png,0127_pinsir.png,success,canonical-full-asset,
0128,Tauros,https://www.pokemon.com/us/pokedex/tauros,https://www.pokemon.com/static-assets/content-assets/cms2/img/pokedex/full/128.png,0128_tauros.png,success,canonical-full-asset,
0129,Magikarp,https://www.pokemon.com/us/pokedex/magikarp,https://www.pokemon.com/static-assets/content-assets/cms2/img/pokedex/full/129.png,0129_magikarp.png,success,canonical-full-asset,
0130,Gyarados,https://www.pokemon.com/us/pokedex/gyarados,https://www.pokemon.com/static-assets/content-assets/cms2/img/pokedex/full/130.png,0130_gyarados.png,success,canonical-full-asset,
0131,Lapras,https://www.pokemon.com/us/pokedex/lapras,https://www.pokemon.com/static-assets/content-assets/cms2/img/pokedex/full/131.png,0131_lapras.png,success,canonical-full-asset,
0132,Ditto,https://www.pokemon.com/us/pokedex/ditto,https://www.pokemon.com/static-assets/content-assets/cms2/img/pokedex/full/132.png,0132_ditto.png,success,canonical-full-asset,
0133,Eevee,https://www.pokemon.com/us/pokedex/eevee,https://www.pokemon.com/static-assets/content-assets/cms2/img/pokedex/full/133.png,0133_eevee.png,success,canonical-full-asset,
0134,Vaporeon,https://www.pokemon.com/us/pokedex/vaporeon,https://www.pokemon.com/static-assets/content-assets/cms2/img/pokedex/full/134.png,0134_vaporeon.png,success,canonical-full-asset,
0135,Jolteon,https://www.pokemon.com/us/pokedex/jolteon,https://www.pokemon.com/static-assets/content-assets/cms2/img/pokedex/full/135.png,0135_jolteon.png,success,canonical-full-asset,
0136,Flareon,https://www.pokemon.com/us/pokedex/flareon,https://www.pokemon.com/static-assets/content-assets/cms2/img/pokedex/full/136.png,0136_flareon.png,success,canonical-full-asset,
0137,Porygon,https://www.pokemon.com/us/pokedex/porygon,https://www.pokemon.com/static-assets/content-assets/cms2/img/pokedex/full/137.png,0137_porygon.png,success,canonical-full-asset,
0138,Omanyte,https://www.pokemon.com/us/pokedex/omanyte,https://www.pokemon.com/static-assets/content-assets/cms2/img/pokedex/full/138.png,0138_omanyte.png,success,canonical-full-asset,
0139,Omastar,https://www.pokemon.com/us/pokedex/omastar,https://www.pokemon.com/static-assets/content-assets/cms2/img/pokedex/full/139.png,0139_omastar.png,success,canonical-full-asset,
0140,Kabuto,https://www.pokemon.com/us/pokedex/kabuto,https://www.pokemon.com/static-assets/content-assets/cms2/img/pokedex/full/140.png,0140_kabuto.png,success,canonical-full-asset,
0141,Kabutops,https://www.pokemon.com/us/pokedex/kabutops,https://www.pokemon.com/static-assets/content-assets/cms2/img/pokedex/full/141.png,0141_kabutops.png,success,canonical-full-asset,
0142,Aerodactyl,https://www.pokemon.com/us/pokedex/aerodactyl,https://www.pokemon.com/static-assets/content-assets/cms2/img/pokedex/full/142.png,0142_aerodactyl.png,success,canonical-full-asset,
0143,Snorlax,https://www.pokemon.com/us/pokedex/snorlax,https://www.pokemon.com/static-assets/content-assets/cms2/img/pokedex/full/143.png,0143_snorlax.png,success,canonical-full-asset,
0144,Articuno,https://www.pokemon.com/us/pokedex/articuno,https://www.pokemon.com/static-assets/content-assets/cms2/img/pokedex/full/144.png,0144_articuno.png,success,canonical-full-asset,
0145,Zapdos,https://www.pokemon.com/us/pokedex/zapdos,https://www.pokemon.com/static-assets/content-assets/cms2/img/pokedex/full/145.png,0145_zapdos.png,success,canonical-full-asset,
0146,Moltres,https://www.pokemon.com/us/pokedex/moltres,https://www.pokemon.com/static-assets/content-assets/cms2/img/pokedex/full/146.png,0146_moltres.png,success,canonical-full-asset,
0147,Dratini,https://www.pokemon.com/us/pokedex/dratini,https://www.pokemon.com/static-assets/content-assets/cms2/img/pokedex/full/147.png,0147_dratini.png,success,canonical-full-asset,
0148,Dragonair,https://www.pokemon.com/us/pokedex/dragonair,https://www.pokemon.com/static-assets/content-assets/cms2/img/pokedex/full/148.png,0148_dragonair.png,success,canonical-full-asset,
0149,Dragonite,https://www.pokemon.com/us/pokedex/dragonite,https://www.pokemon.com/static-assets/content-assets/cms2/img/pokedex/full/149.png,0149_dragonite.png,success,canonical-full-asset,
0150,Mewtwo,https://www.pokemon.com/us/pokedex/mewtwo,https://www.pokemon.com/static-assets/content-assets/cms2/img/pokedex/full/150.png,0150_mewtwo.png,success,canonical-full-asset,
0151,Mew,https://www.pokemon.com/us/pokedex/mew,https://www.pokemon.com/static-assets/content-assets/cms2/img/pokedex/full/151.png,0151_mew.png,success,canonical-full-asset,
0152,Chikorita,https://www.pokemon.com/us/pokedex/chikorita,https://www.pokemon.com/static-assets/content-assets/cms2/img/pokedex/full/152.png,0152_chikorita.png,success,canonical-full-asset,
0153,Bayleef,https://www.pokemon.com/us/pokedex/bayleef,https://www.pokemon.com/static-assets/content-assets/cms2/img/pokedex/full/153.png,0153_bayleef.png,success,canonical-full-asset,
0154,Meganium,https://www.pokemon.com/us/pokedex/meganium,https://www.pokemon.com/static-assets/content-assets/cms2/img/pokedex/full/154.png,0154_meganium.png,success,canonical-full-asset,
0155,Cyndaquil,https://www.pokemon.com/us/pokedex/cyndaquil,https://www.pokemon.com/static-assets/content-assets/cms2/img/pokedex/full/155.png,0155_cyndaquil.png,success,canonical-full-asset,
0156,Quilava,https://www.pokemon.com/us/pokedex/quilava,https://www.pokemon.com/static-assets/content-assets/cms2/img/pokedex/full/156.png,0156_quilava.png,success,canonical-full-asset,
0157,Typhlosion,https://www.pokemon.com/us/pokedex/typhlosion,https://www.pokemon.com/static-assets/content-assets/cms2/img/pokedex/full/157.png,0157_typhlosion.png,success,canonical-full-asset,
0158,Totodile,https://www.pokemon.com/us/pokedex/totodile,https://www.pokemon.com/static-assets/content-assets/cms2/img/pokedex/full/158.png,0158_totodile.png,success,canonical-full-asset,
0159,Croconaw,https://www.pokemon.com/us/pokedex/croconaw,https://www.pokemon.com/static-assets/content-assets/cms2/img/pokedex/full/159.png,0159_croconaw.png,success,canonical-full-asset,
0160,Feraligatr,https://www.pokemon.com/us/pokedex/feraligatr,https://www.pokemon.com/static-assets/content-assets/cms2/img/pokedex/full/160.png,0160_feraligatr.png,success,canonical-full-asset,
0161,Sentret,https://www.pokemon.com/us/pokedex/sentret,https://www.pokemon.com/static-assets/content-assets/cms2/img/pokedex/full/161.png,0161_sentret.png,success,canonical-full-asset,
0162,Furret,https://www.pokemon.com/us/pokedex/furret,https://www.pokemon.com/static-assets/content-assets/cms2/img/pokedex/full/162.png,0162_furret.png,success,canonical-full-asset,
0163,Hoothoot,https://www.pokemon.com/us/pokedex/hoothoot,https://www.pokemon.com/static-assets/content-assets/cms2/img/pokedex/full/163.png,0163_hoothoot.png,success,canonical-full-asset,
0164,Noctowl,https://www.pokemon.com/us/pokedex/noctowl,https://www.pokemon.com/static-assets/content-assets/cms2/img/pokedex/full/164.png,0164_noctowl.png,success,canonical-full-asset,
0165,Ledyba,https://www.pokemon.com/us/pokedex/ledyba,https://www.pokemon.com/static-assets/content-assets/cms2/img/pokedex/full/165.png,0165_ledyba.png,success,canonical-full-asset,
0166,Ledian,https://www.pokemon.com/us/pokedex/ledian,https://www.pokemon.com/static-assets/content-assets/cms2/img/pokedex/full/166.png,0166_ledian.png,success,canonical-full-asset,
0167,Spinarak,https://www.pokemon.com/us/pokedex/spinarak,https://www.pokemon.com/static-assets/content-assets/cms2/img/pokedex/full/167.png,0167_spinarak.png,success,canonical-full-asset,
0168,Ariados,https://www.pokemon.com/us/pokedex/ariados,https://www.pokemon.com/static-assets/content-assets/cms2/img/pokedex/full/168.png,0168_ariados.png,success,canonical-full-asset,
0169,Crobat,https://www.pokemon.com/us/pokedex/crobat,https://www.pokemon.com/static-assets/content-assets/cms2/img/pokedex/full/169.png,0169_crobat.png,success,canonical-full-asset,
0170,Chinchou,https://www.pokemon.com/us/pokedex/chinchou,https://www.pokemon.com/static-assets/content-assets/cms2/img/pokedex/full/170.png,0170_chinchou.png,success,canonical-full-asset,
0171,Lanturn,https://www.pokemon.com/us/pokedex/lanturn,https://www.pokemon.com/static-assets/content-assets/cms2/img/pokedex/full/171.png,0171_lanturn.png,success,canonical-full-asset,
0172,Pichu,https://www.pokemon.com/us/pokedex/pichu,https://www.pokemon.com/static-assets/content-assets/cms2/img/pokedex/full/172.png,0172_pichu.png,success,canonical-full-asset,
0173,Cleffa,https://www.pokemon.com/us/pokedex/cleffa,https://www.pokemon.com/static-assets/content-assets/cms2/img/pokedex/full/173.png,0173_cleffa.png,success,canonical-full-asset,
0174,Igglybuff,https://www.pokemon.com/us/pokedex/igglybuff,https://www.pokemon.com/static-assets/content-assets/cms2/img/pokedex/full/174.png,0174_igglybuff.png,success,canonical-full-asset,
0175,Togepi,https://www.pokemon.com/us/pokedex/togepi,https://www.pokemon.com/static-assets/content-assets/cms2/img/pokedex/full/175.png,0175_togepi.png,success,canonical-full-asset,
0176,Togetic,https://www.pokemon.com/us/pokedex/togetic,https://www.pokemon.com/static-assets/content-assets/cms2/img/pokedex/full/176.png,0176_togetic.png,success,canonical-full-asset,
0177,Natu,https://www.pokemon.com/us/pokedex/natu,https://www.pokemon.com/static-assets/content-assets/cms2/img/pokedex/full/177.png,0177_natu.png,success,canonical-full-asset,
0178,Xatu,https://www.pokemon.com/us/pokedex/xatu,https://www.pokemon.com/static-assets/content-assets/cms2/img/pokedex/full/178.png,0178_xatu.png,success,canonical-full-asset,
0179,Mareep,https://www.pokemon.com/us/pokedex/mareep,https://www.pokemon.com/static-assets/content-assets/cms2/img/pokedex/full/179.png,0179_mareep.png,success,canonical-full-asset,
0180,Flaaffy,https://www.pokemon.com/us/pokedex/flaaffy,https://www.pokemon.com/static-assets/content-assets/cms2/img/pokedex/full/180.png,0180_flaaffy.png,success,canonical-full-asset,
0181,Ampharos,https://www.pokemon.com/us/pokedex/ampharos,https://www.pokemon.com/static-assets/content-assets/cms2/img/pokedex/full/181.png,0181_ampharos.png,success,canonical-full-asset,
0182,Bellossom,https://www.pokemon.com/us/pokedex/bellossom,https://www.pokemon.com/static-assets/content-assets/cms2/img/pokedex/full/182.png,0182_bellossom.png,success,canonical-full-asset,
0183,Marill,https://www.pokemon.com/us/pokedex/marill,https://www.pokemon.com/static-assets/content-assets/cms2/img/pokedex/full/183.png,0183_marill.png,success,canonical-full-asset,
0184,Azumarill,https://www.pokemon.com/us/pokedex/azumarill,https://www.pokemon.com/static-assets/content-assets/cms2/img/pokedex/full/184.png,0184_azumarill.png,success,canonical-full-asset,
0185,Sudowoodo,https://www.pokemon.com/us/pokedex/sudowoodo,https://www.pokemon.com/static-assets/content-assets/cms2/img/pokedex/full/185.png,0185_sudowoodo.png,success,canonical-full-asset,
0186,Politoed,https://www.pokemon.com/us/pokedex/politoed,https://www.pokemon.com/static-assets/content-assets/cms2/img/pokedex/full/186.png,0186_politoed.png,success,canonical-full-asset,
0187,Hoppip,https://www.pokemon.com/us/pokedex/hoppip,https://www.pokemon.com/static-assets/content-assets/cms2/img/pokedex/full/187.png,0187_hoppip.png,success,canonical-full-asset,
0188,Skiploom,https://www.pokemon.com/us/pokedex/skiploom,https://www.pokemon.com/static-assets/content-assets/cms2/img/pokedex/full/188.png,0188_skiploom.png,success,canonical-full-asset,
0189,Jumpluff,https://www.pokemon.com/us/pokedex/jumpluff,https://www.pokemon.com/static-assets/content-assets/cms2/img/pokedex/full/189.png,0189_jumpluff.png,success,canonical-full-asset,
0190,Aipom,https://www.pokemon.com/us/pokedex/aipom,https://www.pokemon.com/static-assets/content-assets/cms2/img/pokedex/full/190.png,0190_aipom.png,success,canonical-full-asset,
0191,Sunkern,https://www.pokemon.com/us/pokedex/sunkern,https://www.pokemon.com/static-assets/content-assets/cms2/img/pokedex/full/191.png,0191_sunkern.png,success,canonical-full-asset,
0192,Sunflora,https://www.pokemon.com/us/pokedex/sunflora,https://www.pokemon.com/static-assets/content-assets/cms2/img/pokedex/full/192.png,0192_sunflora.png,success,canonical-full-asset,
0193,Yanma,https://www.pokemon.com/us/pokedex/yanma,https://www.pokemon.com/static-assets/content-assets/cms2/img/pokedex/full/193.png,0193_yanma.png,success,canonical-full-asset,
0194,Wooper,https://www.pokemon.com/us/pokedex/wooper,https://www.pokemon.com/static-assets/content-assets/cms2/img/pokedex/full/194.png,0194_wooper.png,success,canonical-full-asset,
0195,Quagsire,https://www.pokemon.com/us/pokedex/quagsire,https://www.pokemon.com/static-assets/content-assets/cms2/img/pokedex/full/195.png,0195_quagsire.png,success,canonical-full-asset,
0196,Espeon,https://www.pokemon.com/us/pokedex/espeon,https://www.pokemon.com/static-assets/content-assets/cms2/img/pokedex/full/196.png,0196_espeon.png,success,canonical-full-asset,
0197,Umbreon,https://www.pokemon.com/us/pokedex/umbreon,https://www.pokemon.com/static-assets/content-assets/cms2/img/pokedex/full/197.png,0197_umbreon.png,success,canonical-full-asset,
0198,Murkrow,https://www.pokemon.com/us/pokedex/murkrow,https://www.pokemon.com/static-assets/content-assets/cms2/img/pokedex/full/198.png,0198_murkrow.png,success,canonical-full-asset,
0199,Slowking,https://www.pokemon.com/us/pokedex/slowking,https://www.pokemon.com/static-assets/content-assets/cms2/img/pokedex/full/199.png,0199_slowking.png,success,canonical-full-asset,
0200,Misdreavus,https://www.pokemon.com/us/pokedex/misdreavus,https://www.pokemon.com/static-assets/content-assets/cms2/img/pokedex/full/200.png,0200_misdreavus.png,success,canonical-full-asset,
0201,Unown,https://www.pokemon.com/us/pokedex/unown,https://www.pokemon.com/static-assets/content-assets/cms2/img/pokedex/full/201.png,0201_unown.png,success,canonical-full-asset,
0202,Wobbuffet,https://www.pokemon.com/us/pokedex/wobbuffet,https://www.pokemon.com/static-assets/content-assets/cms2/img/pokedex/full/202.png,0202_wobbuffet.png,success,canonical-full-asset,
0203,Girafarig,https://www.pokemon.com/us/pokedex/girafarig,https://www.pokemon.com/static-assets/content-assets/cms2/img/pokedex/full/203.png,0203_girafarig.png,success,canonical-full-asset,
0204,Pineco,https://www.pokemon.com/us/pokedex/pineco,https://www.pokemon.com/static-assets/content-assets/cms2/img/pokedex/full/204.png,0204_pineco.png,success,canonical-full-asset,
0205,Forretress,https://www.pokemon.com/us/pokedex/forretress,https://www.pokemon.com/static-assets/content-assets/cms2/img/pokedex/full/205.png,0205_forretress.png,success,canonical-full-asset,
0206,Dunsparce,https://www.pokemon.com/us/pokedex/dunsparce,https://www.pokemon.com/static-assets/content-assets/cms2/img/pokedex/full/206.png,0206_dunsparce.png,success,canonical-full-asset,
0207,Gligar,https://www.pokemon.com/us/pokedex/gligar,https://www.pokemon.com/static-assets/content-assets/cms2/img/pokedex/full/207.png,0207_gligar.png,success,canonical-full-asset,
0208,Steelix,https://www.pokemon.com/us/pokedex/steelix,https://www.pokemon.com/static-assets/content-assets/cms2/img/pokedex/full/208.png,0208_steelix.png,success,canonical-full-asset,
0209,Snubbull,https://www.pokemon.com/us/pokedex/snubbull,https://www.pokemon.com/static-assets/content-assets/cms2/img/pokedex/full/209.png,0209_snubbull.png,success,canonical-full-asset,
0210,Granbull,https://www.pokemon.com/us/pokedex/granbull,https://www.pokemon.com/static-assets/content-assets/cms2/img/pokedex/full/210.png,0210_granbull.png,success,canonical-full-asset,
0211,Qwilfish,https://www.pokemon.com/us/pokedex/qwilfish,https://www.pokemon.com/static-assets/content-assets/cms2/img/pokedex/full/211.png,0211_qwilfish.png,success,canonical-full-asset,
0212,Scizor,https://www.pokemon.com/us/pokedex/scizor,https://www.pokemon.com/static-assets/content-assets/cms2/img/pokedex/full/212.png,0212_scizor.png,success,canonical-full-asset,
0213,Shuckle,https://www.pokemon.com/us/pokedex/shuckle,https://www.pokemon.com/static-assets/content-assets/cms2/img/pokedex/full/213.png,0213_shuckle.png,success,canonical-full-asset,
0214,Heracross,https://www.pokemon.com/us/pokedex/heracross,https://www.pokemon.com/static-assets/content-assets/cms2/img/pokedex/full/214.png,0214_heracross.png,success,canonical-full-asset,
0215,Sneasel,https://www.pokemon.com/us/pokedex/sneasel,https://www.pokemon.com/static-assets/content-assets/cms2/img/pokedex/full/215.png,0215_sneasel.png,success,canonical-full-asset,
0216,Teddiursa,https://www.pokemon.com/us/pokedex/teddiursa,https://www.pokemon.com/static-assets/content-assets/cms2/img/pokedex/full/216.png,0216_teddiursa.png,success,canonical-full-asset,
0217,Ursaring,https://www.pokemon.com/us/pokedex/ursaring,https://www.pokemon.com/static-assets/content-assets/cms2/img/pokedex/full/217.png,0217_ursaring.png,success,canonical-full-asset,
0218,Slugma,https://www.pokemon.com/us/pokedex/slugma,https://www.pokemon.com/static-assets/content-assets/cms2/img/pokedex/full/218.png,0218_slugma.png,success,canonical-full-asset,
0219,Magcargo,https://www.pokemon.com/us/pokedex/magcargo,https://www.pokemon.com/static-assets/content-assets/cms2/img/pokedex/full/219.png,0219_magcargo.png,success,canonical-full-asset,
0220,Swinub,https://www.pokemon.com/us/pokedex/swinub,https://www.pokemon.com/static-assets/content-assets/cms2/img/pokedex/full/220.png,0220_swinub.png,success,canonical-full-asset,
0221,Piloswine,https://www.pokemon.com/us/pokedex/piloswine,https://www.pokemon.com/static-assets/content-assets/cms2/img/pokedex/full/221.png,0221_piloswine.png,success,canonical-full-asset,
0222,Corsola,https://www.pokemon.com/us/pokedex/corsola,https://www.pokemon.com/static-assets/content-assets/cms2/img/pokedex/full/222.png,0222_corsola.png,success,canonical-full-asset,
0223,Remoraid,https://www.pokemon.com/us/pokedex/remoraid,https://www.pokemon.com/static-assets/content-assets/cms2/img/pokedex/full/223.png,0223_remoraid.png,success,canonical-full-asset,
0224,Octillery,https://www.pokemon.com/us/pokedex/octillery,https://www.pokemon.com/static-assets/content-assets/cms2/img/pokedex/full/224.png,0224_octillery.png,success,canonical-full-asset,
0225,Delibird,https://www.pokemon.com/us/pokedex/delibird,https://www.pokemon.com/static-assets/content-assets/cms2/img/pokedex/full/225.png,0225_delibird.png,success,canonical-full-asset,
0226,Mantine,https://www.pokemon.com/us/pokedex/mantine,https://www.pokemon.com/static-assets/content-assets/cms2/img/pokedex/full/226.png,0226_mantine.png,success,canonical-full-asset,
0227,Skarmory,https://www.pokemon.com/us/pokedex/skarmory,https://www.pokemon.com/static-assets/content-assets/cms2/img/pokedex/full/227.png,0227_skarmory.png,success,canonical-full-asset,
0228,Houndour,https://www.pokemon.com/us/pokedex/houndour,https://www.pokemon.com/static-assets/content-assets/cms2/img/pokedex/full/228.png,0228_houndour.png,success,canonical-full-asset,
0229,Houndoom,https://www.pokemon.com/us/pokedex/houndoom,https://www.pokemon.com/static-assets/content-assets/cms2/img/pokedex/full/229.png,0229_houndoom.png,success,canonical-full-asset,
0230,Kingdra,https://www.pokemon.com/us/pokedex/kingdra,https://www.pokemon.com/static-assets/content-assets/cms2/img/pokedex/full/230.png,0230_kingdra.png,success,canonical-full-asset,
0231,Phanpy,https://www.pokemon.com/us/pokedex/phanpy,https://www.pokemon.com/static-assets/content-assets/cms2/img/pokedex/full/231.png,0231_phanpy.png,success,canonical-full-asset,
0232,Donphan,https://www.pokemon.com/us/pokedex/donphan,https://www.pokemon.com/static-assets/content-assets/cms2/img/pokedex/full/232.png,0232_donphan.png,success,canonical-full-asset,
0233,Porygon2,https://www.pokemon.com/us/pokedex/porygon2,https://www.pokemon.com/static-assets/content-assets/cms2/img/pokedex/full/233.png,0233_porygon2.png,success,canonical-full-asset,
0234,Stantler,https://www.pokemon.com/us/pokedex/stantler,https://www.pokemon.com/static-assets/content-assets/cms2/img/pokedex/full/234.png,0234_stantler.png,success,canonical-full-asset,
0235,Smeargle,https://www.pokemon.com/us/pokedex/smeargle,https://www.pokemon.com/static-assets/content-assets/cms2/img/pokedex/full/235.png,0235_smeargle.png,success,canonical-full-asset,
0236,Tyrogue,https://www.pokemon.com/us/pokedex/tyrogue,https://www.pokemon.com/static-assets/content-assets/cms2/img/pokedex/full/236.png,0236_tyrogue.png,success,canonical-full-asset,
0237,Hitmontop,https://www.pokemon.com/us/pokedex/hitmontop,https://www.pokemon.com/static-assets/content-assets/cms2/img/pokedex/full/237.png,0237_hitmontop.png,success,canonical-full-asset,
0238,Smoochum,https://www.pokemon.com/us/pokedex/smoochum,https://www.pokemon.com/static-assets/content-assets/cms2/img/pokedex/full/238.png,0238_smoochum.png,success,canonical-full-asset,
0239,Elekid,https://www.pokemon.com/us/pokedex/elekid,https://www.pokemon.com/static-assets/content-assets/cms2/img/pokedex/full/239.png,0239_elekid.png,success,canonical-full-asset,
0240,Magby,https://www.pokemon.com/us/pokedex/magby,https://www.pokemon.com/static-assets/content-assets/cms2/img/pokedex/full/240.png,0240_magby.png,success,canonical-full-asset,
0241,Miltank,https://www.pokemon.com/us/pokedex/miltank,https://www.pokemon.com/static-assets/content-assets/cms2/img/pokedex/full/241.png,0241_miltank.png,success,canonical-full-asset,
0242,Blissey,https://www.pokemon.com/us/pokedex/blissey,https://www.pokemon.com/static-assets/content-assets/cms2/img/pokedex/full/242.png,0242_blissey.png,success,canonical-full-asset,
0243,Raikou,https://www.pokemon.com/us/pokedex/raikou,https://www.pokemon.com/static-assets/content-assets/cms2/img/pokedex/full/243.png,0243_raikou.png,success,canonical-full-asset,
0244,Entei,https://www.pokemon.com/us/pokedex/entei,https://www.pokemon.com/static-assets/content-assets/cms2/img/pokedex/full/244.png,0244_entei.png,success,canonical-full-asset,
0245,Suicune,https://www.pokemon.com/us/pokedex/suicune,https://www.pokemon.com/static-assets/content-assets/cms2/img/pokedex/full/245.png,0245_suicune.png,success,canonical-full-asset,
0246,Larvitar,https://www.pokemon.com/us/pokedex/larvitar,https://www.pokemon.com/static-assets/content-assets/cms2/img/pokedex/full/246.png,0246_larvitar.png,success,canonical-full-asset,
0247,Pupitar,https://www.pokemon.com/us/pokedex/pupitar,https://www.pokemon.com/static-assets/content-assets/cms2/img/pokedex/full/247.png,0247_pupitar.png,success,canonical-full-asset,
0248,Tyranitar,https://www.pokemon.com/us/pokedex/tyranitar,https://www.pokemon.com/static-assets/content-assets/cms2/img/pokedex/full/248.png,0248_tyranitar.png,success,canonical-full-asset,
0249,Lugia,https://www.pokemon.com/us/pokedex/lugia,https://www.pokemon.com/static-assets/content-assets/cms2/img/pokedex/full/249.png,0249_lugia.png,success,canonical-full-asset,
0250,Ho Oh,https://www.pokemon.com/us/pokedex/ho-oh,https://www.pokemon.com/static-assets/content-assets/cms2/img/pokedex/full/250.png,0250_ho_oh.png,success,canonical-full-asset,
0251,Celebi,https://www.pokemon.com/us/pokedex/celebi,https://www.pokemon.com/static-assets/content-assets/cms2/img/pokedex/full/251.png,0251_celebi.png,success,canonical-full-asset,
0252,Treecko,https://www.pokemon.com/us/pokedex/treecko,https://www.pokemon.com/static-assets/content-assets/cms2/img/pokedex/full/252.png,0252_treecko.png,success,canonical-full-asset,
0253,Grovyle,https://www.pokemon.com/us/pokedex/grovyle,https://www.pokemon.com/static-assets/content-assets/cms2/img/pokedex/full/253.png,0253_grovyle.png,success,canonical-full-asset,
0254,Sceptile,https://www.pokemon.com/us/pokedex/sceptile,https://www.pokemon.com/static-assets/content-assets/cms2/img/pokedex/full/254.png,0254_sceptile.png,success,canonical-full-asset,
0255,Torchic,https://www.pokemon.com/us/pokedex/torchic,https://www.pokemon.com/static-assets/content-assets/cms2/img/pokedex/full/255.png,0255_torchic.png,success,canonical-full-asset,
0256,Combusken,https://www.pokemon.com/us/pokedex/combusken,https://www.pokemon.com/static-assets/content-assets/cms2/img/pokedex/full/256.png,0256_combusken.png,success,canonical-full-asset,
0257,Blaziken,https://www.pokemon.com/us/pokedex/blaziken,https://www.pokemon.com/static-assets/content-assets/cms2/img/pokedex/full/257.png,0257_blaziken.png,success,canonical-full-asset,
0258,Mudkip,https://www.pokemon.com/us/pokedex/mudkip,https://www.pokemon.com/static-assets/content-assets/cms2/img/pokedex/full/258.png,0258_mudkip.png,success,canonical-full-asset,
0259,Marshtomp,https://www.pokemon.com/us/pokedex/marshtomp,https://www.pokemon.com/static-assets/content-assets/cms2/img/pokedex/full/259.png,0259_marshtomp.png,success,canonical-full-asset,
0260,Swampert,https://www.pokemon.com/us/pokedex/swampert,https://www.pokemon.com/static-assets/content-assets/cms2/img/pokedex/full/260.png,0260_swampert.png,success,canonical-full-asset,
0261,Poochyena,https://www.pokemon.com/us/pokedex/poochyena,https://www.pokemon.com/static-assets/content-assets/cms2/img/pokedex/full/261.png,0261_poochyena.png,success,canonical-full-asset,
0262,Mightyena,https://www.pokemon.com/us/pokedex/mightyena,https://www.pokemon.com/static-assets/content-assets/cms2/img/pokedex/full/262.png,0262_mightyena.png,success,canonical-full-asset,
0263,Zigzagoon,https://www.pokemon.com/us/pokedex/zigzagoon,https://www.pokemon.com/static-assets/content-assets/cms2/img/pokedex/full/263.png,0263_zigzagoon.png,success,canonical-full-asset,
0264,Linoone,https://www.pokemon.com/us/pokedex/linoone,https://www.pokemon.com/static-assets/content-assets/cms2/img/pokedex/full/264.png,0264_linoone.png,success,canonical-full-asset,
0265,Wurmple,https://www.pokemon.com/us/pokedex/wurmple,https://www.pokemon.com/static-assets/content-assets/cms2/img/pokedex/full/265.png,0265_wurmple.png,success,canonical-full-asset,
0266,Silcoon,https://www.pokemon.com/us/pokedex/silcoon,https://www.pokemon.com/static-assets/content-assets/cms2/img/pokedex/full/266.png,0266_silcoon.png,success,canonical-full-asset,
0267,Beautifly,https://www.pokemon.com/us/pokedex/beautifly,https://www.pokemon.com/static-assets/content-assets/cms2/img/pokedex/full/267.png,0267_beautifly.png,success,canonical-full-asset,
0268,Cascoon,https://www.pokemon.com/us/pokedex/cascoon,https://www.pokemon.com/static-assets/content-assets/cms2/img/pokedex/full/268.png,0268_cascoon.png,success,canonical-full-asset,
0269,Dustox,https://www.pokemon.com/us/pokedex/dustox,https://www.pokemon.com/static-assets/content-assets/cms2/img/pokedex/full/269.png,0269_dustox.png,success,canonical-full-asset,
0270,Lotad,https://www.pokemon.com/us/pokedex/lotad,https://www.pokemon.com/static-assets/content-assets/cms2/img/pokedex/full/270.png,0270_lotad.png,success,canonical-full-asset,
0271,Lombre,https://www.pokemon.com/us/pokedex/lombre,https://www.pokemon.com/static-assets/content-assets/cms2/img/pokedex/full/271.png,0271_lombre.png,success,canonical-full-asset,
0272,Ludicolo,https://www.pokemon.com/us/pokedex/ludicolo,https://www.pokemon.com/static-assets/content-assets/cms2/img/pokedex/full/272.png,0272_ludicolo.png,success,canonical-full-asset,
0273,Seedot,https://www.pokemon.com/us/pokedex/seedot,https://www.pokemon.com/static-assets/content-assets/cms2/img/pokedex/full/273.png,0273_seedot.png,success,canonical-full-asset,
0274,Nuzleaf,https://www.pokemon.com/us/pokedex/nuzleaf,https://www.pokemon.com/static-assets/content-assets/cms2/img/pokedex/full/274.png,0274_nuzleaf.png,success,canonical-full-asset,
0275,Shiftry,https://www.pokemon.com/us/pokedex/shiftry,https://www.pokemon.com/static-assets/content-assets/cms2/img/pokedex/full/275.png,0275_shiftry.png,success,canonical-full-asset,
0276,Taillow,https://www.pokemon.com/us/pokedex/taillow,https://www.pokemon.com/static-assets/content-assets/cms2/img/pokedex/full/276.png,0276_taillow.png,success,canonical-full-asset,
0277,Swellow,https://www.pokemon.com/us/pokedex/swellow,https://www.pokemon.com/static-assets/content-assets/cms2/img/pokedex/full/277.png,0277_swellow.png,success,canonical-full-asset,
0278,Wingull,https://www.pokemon.com/us/pokedex/wingull,https://www.pokemon.com/static-assets/content-assets/cms2/img/pokedex/full/278.png,0278_wingull.png,success,canonical-full-asset,
0279,Pelipper,https://www.pokemon.com/us/pokedex/pelipper,https://www.pokemon.com/static-assets/content-assets/cms2/img/pokedex/full/279.png,0279_pelipper.png,success,canonical-full-asset,
0280,Ralts,https://www.pokemon.com/us/pokedex/ralts,https://www.pokemon.com/static-assets/content-assets/cms2/img/pokedex/full/280.png,0280_ralts.png,success,canonical-full-asset,
0281,Kirlia,https://www.pokemon.com/us/pokedex/kirlia,https://www.pokemon.com/static-assets/content-assets/cms2/img/pokedex/full/281.png,0281_kirlia.png,success,canonical-full-asset,
0282,Gardevoir,https://www.pokemon.com/us/pokedex/gardevoir,https://www.pokemon.com/static-assets/content-assets/cms2/img/pokedex/full/282.png,0282_gardevoir.png,success,canonical-full-asset,
0283,Surskit,https://www.pokemon.com/us/pokedex/surskit,https://www.pokemon.com/static-assets/content-assets/cms2/img/pokedex/full/283.png,0283_surskit.png,success,canonical-full-asset,
0284,Masquerain,https://www.pokemon.com/us/pokedex/masquerain,https://www.pokemon.com/static-assets/content-assets/cms2/img/pokedex/full/284.png,0284_masquerain.png,success,canonical-full-asset,
0285,Shroomish,https://www.pokemon.com/us/pokedex/shroomish,https://www.pokemon.com/static-assets/content-assets/cms2/img/pokedex/full/285.png,0285_shroomish.png,success,canonical-full-asset,
0286,Breloom,https://www.pokemon.com/us/pokedex/breloom,https://www.pokemon.com/static-assets/content-assets/cms2/img/pokedex/full/286.png,0286_breloom.png,success,canonical-full-asset,
0287,Slakoth,https://www.pokemon.com/us/pokedex/slakoth,https://www.pokemon.com/static-assets/content-assets/cms2/img/pokedex/full/287.png,0287_slakoth.png,success,canonical-full-asset,
0288,Vigoroth,https://www.pokemon.com/us/pokedex/vigoroth,https://www.pokemon.com/static-assets/content-assets/cms2/img/pokedex/full/288.png,0288_vigoroth.png,success,canonical-full-asset,
0289,Slaking,https://www.pokemon.com/us/pokedex/slaking,https://www.pokemon.com/static-assets/content-assets/cms2/img/pokedex/full/289.png,0289_slaking.png,success,canonical-full-asset,
0290,Nincada,https://www.pokemon.com/us/pokedex/nincada,https://www.pokemon.com/static-assets/content-assets/cms2/img/pokedex/full/290.png,0290_nincada.png,success,canonical-full-asset,
0291,Ninjask,https://www.pokemon.com/us/pokedex/ninjask,https://www.pokemon.com/static-assets/content-assets/cms2/img/pokedex/full/291.png,0291_ninjask.png,success,canonical-full-asset,
0292,Shedinja,https://www.pokemon.com/us/pokedex/shedinja,https://www.pokemon.com/static-assets/content-assets/cms2/img/pokedex/full/292.png,0292_shedinja.png,success,canonical-full-asset,
0293,Whismur,https://www.pokemon.com/us/pokedex/whismur,https://www.pokemon.com/static-assets/content-assets/cms2/img/pokedex/full/293.png,0293_whismur.png,success,canonical-full-asset,
0294,Loudred,https://www.pokemon.com/us/pokedex/loudred,https://www.pokemon.com/static-assets/content-assets/cms2/img/pokedex/full/294.png,0294_loudred.png,success,canonical-full-asset,
0295,Exploud,https://www.pokemon.com/us/pokedex/exploud,https://www.pokemon.com/static-assets/content-assets/cms2/img/pokedex/full/295.png,0295_exploud.png,success,canonical-full-asset,
0296,Makuhita,https://www.pokemon.com/us/pokedex/makuhita,https://www.pokemon.com/static-assets/content-assets/cms2/img/pokedex/full/296.png,0296_makuhita.png,success,canonical-full-asset,
0297,Hariyama,https://www.pokemon.com/us/pokedex/hariyama,https://www.pokemon.com/static-assets/content-assets/cms2/img/pokedex/full/297.png,0297_hariyama.png,success,canonical-full-asset,
0298,Azurill,https://www.pokemon.com/us/pokedex/azurill,https://www.pokemon.com/static-assets/content-assets/cms2/img/pokedex/full/298.png,0298_azurill.png,success,canonical-full-asset,
0299,Nosepass,https://www.pokemon.com/us/pokedex/nosepass,https://www.pokemon.com/static-assets/content-assets/cms2/img/pokedex/full/299.png,0299_nosepass.png,success,canonical-full-asset,
0300,Skitty,https://www.pokemon.com/us/pokedex/skitty,https://www.pokemon.com/static-assets/content-assets/cms2/img/pokedex/full/300.png,0300_skitty.png,success,canonical-full-asset,
0301,Delcatty,https://www.pokemon.com/us/pokedex/delcatty,https://www.pokemon.com/static-assets/content-assets/cms2/img/pokedex/full/301.png,0301_delcatty.png,success,canonical-full-asset,
0302,Sableye,https://www.pokemon.com/us/pokedex/sableye,https://www.pokemon.com/static-assets/content-assets/cms2/img/pokedex/full/302.png,0302_sableye.png,success,canonical-full-asset,
0303,Mawile,https://www.pokemon.com/us/pokedex/mawile,https://www.pokemon.com/static-assets/content-assets/cms2/img/pokedex/full/303.png,0303_mawile.png,success,canonical-full-asset,
0304,Aron,https://www.pokemon.com/us/pokedex/aron,https://www.pokemon.com/static-assets/content-assets/cms2/img/pokedex/full/304.png,0304_aron.png,success,canonical-full-asset,
0305,Lairon,https://www.pokemon.com/us/pokedex/lairon,https://www.pokemon.com/static-assets/content-assets/cms2/img/pokedex/full/305.png,0305_lairon.png,success,canonical-full-asset,
0306,Aggron,https://www.pokemon.com/us/pokedex/aggron,https://www.pokemon.com/static-assets/content-assets/cms2/img/pokedex/full/306.png,0306_aggron.png,success,canonical-full-asset,
0307,Meditite,https://www.pokemon.com/us/pokedex/meditite,https://www.pokemon.com/static-assets/content-assets/cms2/img/pokedex/full/307.png,0307_meditite.png,success,canonical-full-asset,
0308,Medicham,https://www.pokemon.com/us/pokedex/medicham,https://www.pokemon.com/static-assets/content-assets/cms2/img/pokedex/full/308.png,0308_medicham.png,success,canonical-full-asset,
0309,Electrike,https://www.pokemon.com/us/pokedex/electrike,https://www.pokemon.com/static-assets/content-assets/cms2/img/pokedex/full/309.png,0309_electrike.png,success,canonical-full-asset,
0310,Manectric,https://www.pokemon.com/us/pokedex/manectric,https://www.pokemon.com/static-assets/content-assets/cms2/img/pokedex/full/310.png,0310_manectric.png,success,canonical-full-asset,
0311,Plusle,https://www.pokemon.com/us/pokedex/plusle,https://www.pokemon.com/static-assets/content-assets/cms2/img/pokedex/full/311.png,0311_plusle.png,success,canonical-full-asset,
0312,Minun,https://www.pokemon.com/us/pokedex/minun,https://www.pokemon.com/static-assets/content-assets/cms2/img/pokedex/full/312.png,0312_minun.png,success,canonical-full-asset,
0313,Volbeat,https://www.pokemon.com/us/pokedex/volbeat,https://www.pokemon.com/static-assets/content-assets/cms2/img/pokedex/full/313.png,0313_volbeat.png,success,canonical-full-asset,
0314,Illumise,https://www.pokemon.com/us/pokedex/illumise,https://www.pokemon.com/static-assets/content-assets/cms2/img/pokedex/full/314.png,0314_illumise.png,success,canonical-full-asset,
0315,Roselia,https://www.pokemon.com/us/pokedex/roselia,https://www.pokemon.com/static-assets/content-assets/cms2/img/pokedex/full/315.png,0315_roselia.png,success,canonical-full-asset,
0316,Gulpin,https://www.pokemon.com/us/pokedex/gulpin,https://www.pokemon.com/static-assets/content-assets/cms2/img/pokedex/full/316.png,0316_gulpin.png,success,canonical-full-asset,
0317,Swalot,https://www.pokemon.com/us/pokedex/swalot,https://www.pokemon.com/static-assets/content-assets/cms2/img/pokedex/full/317.png,0317_swalot.png,success,canonical-full-asset,
0318,Carvanha,https://www.pokemon.com/us/pokedex/carvanha,https://www.pokemon.com/static-assets/content-assets/cms2/img/pokedex/full/318.png,0318_carvanha.png,success,canonical-full-asset,
0319,Sharpedo,https://www.pokemon.com/us/pokedex/sharpedo,https://www.pokemon.com/static-assets/content-assets/cms2/img/pokedex/full/319.png,0319_sharpedo.png,success,canonical-full-asset,
0320,Wailmer,https://www.pokemon.com/us/pokedex/wailmer,https://www.pokemon.com/static-assets/content-assets/cms2/img/pokedex/full/320.png,0320_wailmer.png,success,canonical-full-asset,
0321,Wailord,https://www.pokemon.com/us/pokedex/wailord,https://www.pokemon.com/static-assets/content-assets/cms2/img/pokedex/full/321.png,0321_wailord.png,success,canonical-full-asset,
0322,Numel,https://www.pokemon.com/us/pokedex/numel,https://www.pokemon.com/static-assets/content-assets/cms2/img/pokedex/full/322.png,0322_numel.png,success,canonical-full-asset,
0323,Camerupt,https://www.pokemon.com/us/pokedex/camerupt,https://www.pokemon.com/static-assets/content-assets/cms2/img/pokedex/full/323.png,0323_camerupt.png,success,canonical-full-asset,
0324,Torkoal,https://www.pokemon.com/us/pokedex/torkoal,https://www.pokemon.com/static-assets/content-assets/cms2/img/pokedex/full/324.png,0324_torkoal.png,success,canonical-full-asset,
0325,Spoink,https://www.pokemon.com/us/pokedex/spoink,https://www.pokemon.com/static-assets/content-assets/cms2/img/pokedex/full/325.png,0325_spoink.png,success,canonical-full-asset,
0326,Grumpig,https://www.pokemon.com/us/pokedex/grumpig,https://www.pokemon.com/static-assets/content-assets/cms2/img/pokedex/full/326.png,0326_grumpig.png,success,canonical-full-asset,
0327,Spinda,https://www.pokemon.com/us/pokedex/spinda,https://www.pokemon.com/static-assets/content-assets/cms2/img/pokedex/full/327.png,0327_spinda.png,success,canonical-full-asset,
0328,Trapinch,https://www.pokemon.com/us/pokedex/trapinch,https://www.pokemon.com/static-assets/content-assets/cms2/img/pokedex/full/328.png,0328_trapinch.png,success,canonical-full-asset,
0329,Vibrava,https://www.pokemon.com/us/pokedex/vibrava,https://www.pokemon.com/static-assets/content-assets/cms2/img/pokedex/full/329.png,0329_vibrava.png,success,canonical-full-asset,
0330,Flygon,https://www.pokemon.com/us/pokedex/flygon,https://www.pokemon.com/static-assets/content-assets/cms2/img/pokedex/full/330.png,0330_flygon.png,success,canonical-full-asset,
0331,Cacnea,https://www.pokemon.com/us/pokedex/cacnea,https://www.pokemon.com/static-assets/content-assets/cms2/img/pokedex/full/331.png,0331_cacnea.png,success,canonical-full-asset,
0332,Cacturne,https://www.pokemon.com/us/pokedex/cacturne,https://www.pokemon.com/static-assets/content-assets/cms2/img/pokedex/full/332.png,0332_cacturne.png,success,canonical-full-asset,
0333,Swablu,https://www.pokemon.com/us/pokedex/swablu,https://www.pokemon.com/static-assets/content-assets/cms2/img/pokedex/full/333.png,0333_swablu.png,success,canonical-full-asset,
0334,Altaria,https://www.pokemon.com/us/pokedex/altaria,https://www.pokemon.com/static-assets/content-assets/cms2/img/pokedex/full/334.png,0334_altaria.png,success,canonical-full-asset,
0335,Zangoose,https://www.pokemon.com/us/pokedex/zangoose,https://www.pokemon.com/static-assets/content-assets/cms2/img/pokedex/full/335.png,0335_zangoose.png,success,canonical-full-asset,
0336,Seviper,https://www.pokemon.com/us/pokedex/seviper,https://www.pokemon.com/static-assets/content-assets/cms2/img/pokedex/full/336.png,0336_seviper.png,success,canonical-full-asset,
0337,Lunatone,https://www.pokemon.com/us/pokedex/lunatone,https://www.pokemon.com/static-assets/content-assets/cms2/img/pokedex/full/337.png,0337_lunatone.png,success,canonical-full-asset,
0338,Solrock,https://www.pokemon.com/us/pokedex/solrock,https://www.pokemon.com/static-assets/content-assets/cms2/img/pokedex/full/338.png,0338_solrock.png,success,canonical-full-asset,
0339,Barboach,https://www.pokemon.com/us/pokedex/barboach,https://www.pokemon.com/static-assets/content-assets/cms2/img/pokedex/full/339.png,0339_barboach.png,success,canonical-full-asset,
0340,Whiscash,https://www.pokemon.com/us/pokedex/whiscash,https://www.pokemon.com/static-assets/content-assets/cms2/img/pokedex/full/340.png,0340_whiscash.png,success,canonical-full-asset,
0341,Corphish,https://www.pokemon.com/us/pokedex/corphish,https://www.pokemon.com/static-assets/content-assets/cms2/img/pokedex/full/341.png,0341_corphish.png,success,canonical-full-asset,
0342,Crawdaunt,https://www.pokemon.com/us/pokedex/crawdaunt,https://www.pokemon.com/static-assets/content-assets/cms2/img/pokedex/full/342.png,0342_crawdaunt.png,success,canonical-full-asset,
0343,Baltoy,https://www.pokemon.com/us/pokedex/baltoy,https://www.pokemon.com/static-assets/content-assets/cms2/img/pokedex/full/343.png,0343_baltoy.png,success,canonical-full-asset,
0344,Claydol,https://www.pokemon.com/us/pokedex/claydol,https://www.pokemon.com/static-assets/content-assets/cms2/img/pokedex/full/344.png,0344_claydol.png,success,canonical-full-asset,
0345,Lileep,https://www.pokemon.com/us/pokedex/lileep,https://www.pokemon.com/static-assets/content-assets/cms2/img/pokedex/full/345.png,0345_lileep.png,success,canonical-full-asset,
0346,Cradily,https://www.pokemon.com/us/pokedex/cradily,https://www.pokemon.com/static-assets/content-assets/cms2/img/pokedex/full/346.png,0346_cradily.png,success,canonical-full-asset,
0347,Anorith,https://www.pokemon.com/us/pokedex/anorith,https://www.pokemon.com/static-assets/content-assets/cms2/img/pokedex/full/347.png,0347_anorith.png,success,canonical-full-asset,
0348,Armaldo,https://www.pokemon.com/us/pokedex/armaldo,https://www.pokemon.com/static-assets/content-assets/cms2/img/pokedex/full/348.png,0348_armaldo.png,success,canonical-full-asset,
0349,Feebas,https://www.pokemon.com/us/pokedex/feebas,https://www.pokemon.com/static-assets/content-assets/cms2/img/pokedex/full/349.png,0349_feebas.png,success,canonical-full-asset,
0350,Milotic,https://www.pokemon.com/us/pokedex/milotic,https://www.pokemon.com/static-assets/content-assets/cms2/img/pokedex/full/350.png,0350_milotic.png,success,canonical-full-asset,
0351,Castform,https://www.pokemon.com/us/pokedex/castform,https://www.pokemon.com/static-assets/content-assets/cms2/img/pokedex/full/351.png,0351_castform.png,success,canonical-full-asset,
0352,Kecleon,https://www.pokemon.com/us/pokedex/kecleon,https://www.pokemon.com/static-assets/content-assets/cms2/img/pokedex/full/352.png,0352_kecleon.png,success,canonical-full-asset,
0353,Shuppet,https://www.pokemon.com/us/pokedex/shuppet,https://www.pokemon.com/static-assets/content-assets/cms2/img/pokedex/full/353.png,0353_shuppet.png,success,canonical-full-asset,
0354,Banette,https://www.pokemon.com/us/pokedex/banette,https://www.pokemon.com/static-assets/content-assets/cms2/img/pokedex/full/354.png,0354_banette.png,success,canonical-full-asset,
0355,Duskull,https://www.pokemon.com/us/pokedex/duskull,https://www.pokemon.com/static-assets/content-assets/cms2/img/pokedex/full/355.png,0355_duskull.png,success,canonical-full-asset,
0356,Dusclops,https://www.pokemon.com/us/pokedex/dusclops,https://www.pokemon.com/static-assets/content-assets/cms2/img/pokedex/full/356.png,0356_dusclops.png,success,canonical-full-asset,
0357,Tropius,https://www.pokemon.com/us/pokedex/tropius,https://www.pokemon.com/static-assets/content-assets/cms2/img/pokedex/full/357.png,0357_tropius.png,success,canonical-full-asset,
0358,Chimecho,https://www.pokemon.com/us/pokedex/chimecho,https://www.pokemon.com/static-assets/content-assets/cms2/img/pokedex/full/358.png,0358_chimecho.png,success,canonical-full-asset,
0359,Absol,https://www.pokemon.com/us/pokedex/absol,https://www.pokemon.com/static-assets/content-assets/cms2/img/pokedex/full/359.png,0359_absol.png,success,canonical-full-asset,
0360,Wynaut,https://www.pokemon.com/us/pokedex/wynaut,https://www.pokemon.com/static-assets/content-assets/cms2/img/pokedex/full/360.png,0360_wynaut.png,success,canonical-full-asset,
0361,Snorunt,https://www.pokemon.com/us/pokedex/snorunt,https://www.pokemon.com/static-assets/content-assets/cms2/img/pokedex/full/361.png,0361_snorunt.png,success,canonical-full-asset,
0362,Glalie,https://www.pokemon.com/us/pokedex/glalie,https://www.pokemon.com/static-assets/content-assets/cms2/img/pokedex/full/362.png,0362_glalie.png,success,canonical-full-asset,
0363,Spheal,https://www.pokemon.com/us/pokedex/spheal,https://www.pokemon.com/static-assets/content-assets/cms2/img/pokedex/full/363.png,0363_spheal.png,success,canonical-full-asset,
0364,Sealeo,https://www.pokemon.com/us/pokedex/sealeo,https://www.pokemon.com/static-assets/content-assets/cms2/img/pokedex/full/364.png,0364_sealeo.png,success,canonical-full-asset,
0365,Walrein,https://www.pokemon.com/us/pokedex/walrein,https://www.pokemon.com/static-assets/content-assets/cms2/img/pokedex/full/365.png,0365_walrein.png,success,canonical-full-asset,
0366,Clamperl,https://www.pokemon.com/us/pokedex/clamperl,https://www.pokemon.com/static-assets/content-assets/cms2/img/pokedex/full/366.png,0366_clamperl.png,success,canonical-full-asset,
0367,Huntail,https://www.pokemon.com/us/pokedex/huntail,https://www.pokemon.com/static-assets/content-assets/cms2/img/pokedex/full/367.png,0367_huntail.png,success,canonical-full-asset,
0368,Gorebyss,https://www.pokemon.com/us/pokedex/gorebyss,https://www.pokemon.com/static-assets/content-assets/cms2/img/pokedex/full/368.png,0368_gorebyss.png,success,canonical-full-asset,
0369,Relicanth,https://www.pokemon.com/us/pokedex/relicanth,https://www.pokemon.com/static-assets/content-assets/cms2/img/pokedex/full/369.png,0369_relicanth.png,success,canonical-full-asset,
0370,Luvdisc,https://www.pokemon.com/us/pokedex/luvdisc,https://www.pokemon.com/static-assets/content-assets/cms2/img/pokedex/full/370.png,0370_luvdisc.png,success,canonical-full-asset,
0371,Bagon,https://www.pokemon.com/us/pokedex/bagon,https://www.pokemon.com/static-assets/content-assets/cms2/img/pokedex/full/371.png,0371_bagon.png,success,canonical-full-asset,
0372,Shelgon,https://www.pokemon.com/us/pokedex/shelgon,https://www.pokemon.com/static-assets/content-assets/cms2/img/pokedex/full/372.png,0372_shelgon.png,success,canonical-full-asset,
0373,Salamence,https://www.pokemon.com/us/pokedex/salamence,https://www.pokemon.com/static-assets/content-assets/cms2/img/pokedex/full/373.png,0373_salamence.png,success,canonical-full-asset,
0374,Beldum,https://www.pokemon.com/us/pokedex/beldum,https://www.pokemon.com/static-assets/content-assets/cms2/img/pokedex/full/374.png,0374_beldum.png,success,canonical-full-asset,
0375,Metang,https://www.pokemon.com/us/pokedex/metang,https://www.pokemon.com/static-assets/content-assets/cms2/img/pokedex/full/375.png,0375_metang.png,success,canonical-full-asset,
0376,Metagross,https://www.pokemon.com/us/pokedex/metagross,https://www.pokemon.com/static-assets/content-assets/cms2/img/pokedex/full/376.png,0376_metagross.png,success,canonical-full-asset,
0377,Regirock,https://www.pokemon.com/us/pokedex/regirock,https://www.pokemon.com/static-assets/content-assets/cms2/img/pokedex/full/377.png,0377_regirock.png,success,canonical-full-asset,
0378,Regice,https://www.pokemon.com/us/pokedex/regice,https://www.pokemon.com/static-assets/content-assets/cms2/img/pokedex/full/378.png,0378_regice.png,success,canonical-full-asset,
0379,Registeel,https://www.pokemon.com/us/pokedex/registeel,https://www.pokemon.com/static-assets/content-assets/cms2/img/pokedex/full/379.png,0379_registeel.png,success,canonical-full-asset,
0380,Latias,https://www.pokemon.com/us/pokedex/latias,https://www.pokemon.com/static-assets/content-assets/cms2/img/pokedex/full/380.png,0380_latias.png,success,canonical-full-asset,
0381,Latios,https://www.pokemon.com/us/pokedex/latios,https://www.pokemon.com/static-assets/content-assets/cms2/img/pokedex/full/381.png,0381_latios.png,success,canonical-full-asset,
0382,Kyogre,https://www.pokemon.com/us/pokedex/kyogre,https://www.pokemon.com/static-assets/content-assets/cms2/img/pokedex/full/382.png,0382_kyogre.png,success,canonical-full-asset,
0383,Groudon,https://www.pokemon.com/us/pokedex/groudon,https://www.pokemon.com/static-assets/content-assets/cms2/img/pokedex/full/383.png,0383_groudon.png,success,canonical-full-asset,
0384,Rayquaza,https://www.pokemon.com/us/pokedex/rayquaza,https://www.pokemon.com/static-assets/content-assets/cms2/img/pokedex/full/384.png,0384_rayquaza.png,success,canonical-full-asset,
0385,Jirachi,https://www.pokemon.com/us/pokedex/jirachi,https://www.pokemon.com/static-assets/content-assets/cms2/img/pokedex/full/385.png,0385_jirachi.png,success,canonical-full-asset,
0386,Deoxys,https://www.pokemon.com/us/pokedex/deoxys,https://www.pokemon.com/static-assets/content-assets/cms2/img/pokedex/full/386.png,0386_deoxys.png,success,canonical-full-asset,
0387,Turtwig,https://www.pokemon.com/us/pokedex/turtwig,https://www.pokemon.com/static-assets/content-assets/cms2/img/pokedex/full/387.png,0387_turtwig.png,success,canonical-full-asset,
0388,Grotle,https://www.pokemon.com/us/pokedex/grotle,https://www.pokemon.com/static-assets/content-assets/cms2/img/pokedex/full/388.png,0388_grotle.png,success,canonical-full-asset,
0389,Torterra,https://www.pokemon.com/us/pokedex/torterra,https://www.pokemon.com/static-assets/content-assets/cms2/img/pokedex/full/389.png,0389_torterra.png,success,canonical-full-asset,
0390,Chimchar,https://www.pokemon.com/us/pokedex/chimchar,https://www.pokemon.com/static-assets/content-assets/cms2/img/pokedex/full/390.png,0390_chimchar.png,success,canonical-full-asset,
0391,Monferno,https://www.pokemon.com/us/pokedex/monferno,https://www.pokemon.com/static-assets/content-assets/cms2/img/pokedex/full/391.png,0391_monferno.png,success,canonical-full-asset,
0392,Infernape,https://www.pokemon.com/us/pokedex/infernape,https://www.pokemon.com/static-assets/content-assets/cms2/img/pokedex/full/392.png,0392_infernape.png,success,canonical-full-asset,
0393,Piplup,https://www.pokemon.com/us/pokedex/piplup,https://www.pokemon.com/static-assets/content-assets/cms2/img/pokedex/full/393.png,0393_piplup.png,success,canonical-full-asset,
0394,Prinplup,https://www.pokemon.com/us/pokedex/prinplup,https://www.pokemon.com/static-assets/content-assets/cms2/img/pokedex/full/394.png,0394_prinplup.png,success,canonical-full-asset,
0395,Empoleon,https://www.pokemon.com/us/pokedex/empoleon,https://www.pokemon.com/static-assets/content-assets/cms2/img/pokedex/full/395.png,0395_empoleon.png,success,canonical-full-asset,
0396,Starly,https://www.pokemon.com/us/pokedex/starly,https://www.pokemon.com/static-assets/content-assets/cms2/img/pokedex/full/396.png,0396_starly.png,success,canonical-full-asset,
0397,Staravia,https://www.pokemon.com/us/pokedex/staravia,https://www.pokemon.com/static-assets/content-assets/cms2/img/pokedex/full/397.png,0397_staravia.png,success,canonical-full-asset,
0398,Staraptor,https://www.pokemon.com/us/pokedex/staraptor,https://www.pokemon.com/static-assets/content-assets/cms2/img/pokedex/full/398.png,0398_staraptor.png,success,canonical-full-asset,
0399,Bidoof,https://www.pokemon.com/us/pokedex/bidoof,https://www.pokemon.com/static-assets/content-assets/cms2/img/pokedex/full/399.png,0399_bidoof.png,success,canonical-full-asset,
0400,Bibarel,https://www.pokemon.com/us/pokedex/bibarel,https://www.pokemon.com/static-assets/content-assets/cms2/img/pokedex/full/400.png,0400_bibarel.png,success,canonical-full-asset,
0401,Kricketot,https://www.pokemon.com/us/pokedex/kricketot,https://www.pokemon.com/static-assets/content-assets/cms2/img/pokedex/full/401.png,0401_kricketot.png,success,canonical-full-asset,
0402,Kricketune,https://www.pokemon.com/us/pokedex/kricketune,https://www.pokemon.com/static-assets/content-assets/cms2/img/pokedex/full/402.png,0402_kricketune.png,success,canonical-full-asset,
0403,Shinx,https://www.pokemon.com/us/pokedex/shinx,https://www.pokemon.com/static-assets/content-assets/cms2/img/pokedex/full/403.png,0403_shinx.png,success,canonical-full-asset,
0404,Luxio,https://www.pokemon.com/us/pokedex/luxio,https://www.pokemon.com/static-assets/content-assets/cms2/img/pokedex/full/404.png,0404_luxio.png,success,canonical-full-asset,
0405,Luxray,https://www.pokemon.com/us/pokedex/luxray,https://www.pokemon.com/static-assets/content-assets/cms2/img/pokedex/full/405.png,0405_luxray.png,success,canonical-full-asset,
0406,Budew,https://www.pokemon.com/us/pokedex/budew,https://www.pokemon.com/static-assets/content-assets/cms2/img/pokedex/full/406.png,0406_budew.png,success,canonical-full-asset,
0407,Roserade,https://www.pokemon.com/us/pokedex/roserade,https://www.pokemon.com/static-assets/content-assets/cms2/img/pokedex/full/407.png,0407_roserade.png,success,canonical-full-asset,
0408,Cranidos,https://www.pokemon.com/us/pokedex/cranidos,https://www.pokemon.com/static-assets/content-assets/cms2/img/pokedex/full/408.png,0408_cranidos.png,success,canonical-full-asset,
0409,Rampardos,https://www.pokemon.com/us/pokedex/rampardos,https://www.pokemon.com/static-assets/content-assets/cms2/img/pokedex/full/409.png,0409_rampardos.png,success,canonical-full-asset,
0410,Shieldon,https://www.pokemon.com/us/pokedex/shieldon,https://www.pokemon.com/static-assets/content-assets/cms2/img/pokedex/full/410.png,0410_shieldon.png,success,canonical-full-asset,
0411,Bastiodon,https://www.pokemon.com/us/pokedex/bastiodon,https://www.pokemon.com/static-assets/content-assets/cms2/img/pokedex/full/411.png,0411_bastiodon.png,success,canonical-full-asset,
0412,Burmy,https://www.pokemon.com/us/pokedex/burmy,https://www.pokemon.com/static-assets/content-assets/cms2/img/pokedex/full/412.png,0412_burmy.png,success,canonical-full-asset,
0413,Wormadam,https://www.pokemon.com/us/pokedex/wormadam,https://www.pokemon.com/static-assets/content-assets/cms2/img/pokedex/full/413.png,0413_wormadam.png,success,canonical-full-asset,
0414,Mothim,https://www.pokemon.com/us/pokedex/mothim,https://www.pokemon.com/static-assets/content-assets/cms2/img/pokedex/full/414.png,0414_mothim.png,success,canonical-full-asset,
0415,Combee,https://www.pokemon.com/us/pokedex/combee,https://www.pokemon.com/static-assets/content-assets/cms2/img/pokedex/full/415.png,0415_combee.png,success,canonical-full-asset,
0416,Vespiquen,https://www.pokemon.com/us/pokedex/vespiquen,https://www.pokemon.com/static-assets/content-assets/cms2/img/pokedex/full/416.png,0416_vespiquen.png,success,canonical-full-asset,
0417,Pachirisu,https://www.pokemon.com/us/pokedex/pachirisu,https://www.pokemon.com/static-assets/content-assets/cms2/img/pokedex/full/417.png,0417_pachirisu.png,success,canonical-full-asset,
0418,Buizel,https://www.pokemon.com/us/pokedex/buizel,https://www.pokemon.com/static-assets/content-assets/cms2/img/pokedex/full/418.png,0418_buizel.png,success,canonical-full-asset,
0419,Floatzel,https://www.pokemon.com/us/pokedex/floatzel,https://www.pokemon.com/static-assets/content-assets/cms2/img/pokedex/full/419.png,0419_floatzel.png,success,canonical-full-asset,
0420,Cherubi,https://www.pokemon.com/us/pokedex/cherubi,https://www.pokemon.com/static-assets/content-assets/cms2/img/pokedex/full/420.png,0420_cherubi.png,success,canonical-full-asset,
0421,Cherrim,https://www.pokemon.com/us/pokedex/cherrim,https://www.pokemon.com/static-assets/content-assets/cms2/img/pokedex/full/421.png,0421_cherrim.png,success,canonical-full-asset,
0422,Shellos,https://www.pokemon.com/us/pokedex/shellos,https://www.pokemon.com/static-assets/content-assets/cms2/img/pokedex/full/422.png,0422_shellos.png,success,canonical-full-asset,
0423,Gastrodon,https://www.pokemon.com/us/pokedex/gastrodon,https://www.pokemon.com/static-assets/content-assets/cms2/img/pokedex/full/423.png,0423_gastrodon.png,success,canonical-full-asset,
0424,Ambipom,https://www.pokemon.com/us/pokedex/ambipom,https://www.pokemon.com/static-assets/content-assets/cms2/img/pokedex/full/424.png,0424_ambipom.png,success,canonical-full-asset,
0425,Drifloon,https://www.pokemon.com/us/pokedex/drifloon,https://www.pokemon.com/static-assets/content-assets/cms2/img/pokedex/full/425.png,0425_drifloon.png,success,canonical-full-asset,
0426,Drifblim,https://www.pokemon.com/us/pokedex/drifblim,https://www.pokemon.com/static-assets/content-assets/cms2/img/pokedex/full/426.png,0426_drifblim.png,success,canonical-full-asset,
0427,Buneary,https://www.pokemon.com/us/pokedex/buneary,https://www.pokemon.com/static-assets/content-assets/cms2/img/pokedex/full/427.png,0427_buneary.png,success,canonical-full-asset,
0428,Lopunny,https://www.pokemon.com/us/pokedex/lopunny,https://www.pokemon.com/static-assets/content-assets/cms2/img/pokedex/full/428.png,0428_lopunny.png,success,canonical-full-asset,
0429,Mismagius,https://www.pokemon.com/us/pokedex/mismagius,https://www.pokemon.com/static-assets/content-assets/cms2/img/pokedex/full/429.png,0429_mismagius.png,success,canonical-full-asset,
0430,Honchkrow,https://www.pokemon.com/us/pokedex/honchkrow,https://www.pokemon.com/static-assets/content-assets/cms2/img/pokedex/full/430.png,0430_honchkrow.png,success,canonical-full-asset,
0431,Glameow,https://www.pokemon.com/us/pokedex/glameow,https://www.pokemon.com/static-assets/content-assets/cms2/img/pokedex/full/431.png,0431_glameow.png,success,canonical-full-asset,
0432,Purugly,https://www.pokemon.com/us/pokedex/purugly,https://www.pokemon.com/static-assets/content-assets/cms2/img/pokedex/full/432.png,0432_purugly.png,success,canonical-full-asset,
0433,Chingling,https://www.pokemon.com/us/pokedex/chingling,https://www.pokemon.com/static-assets/content-assets/cms2/img/pokedex/full/433.png,0433_chingling.png,success,canonical-full-asset,
0434,Stunky,https://www.pokemon.com/us/pokedex/stunky,https://www.pokemon.com/static-assets/content-assets/cms2/img/pokedex/full/434.png,0434_stunky.png,success,canonical-full-asset,
0435,Skuntank,https://www.pokemon.com/us/pokedex/skuntank,https://www.pokemon.com/static-assets/content-assets/cms2/img/pokedex/full/435.png,0435_skuntank.png,success,canonical-full-asset,
0436,Bronzor,https://www.pokemon.com/us/pokedex/bronzor,https://www.pokemon.com/static-assets/content-assets/cms2/img/pokedex/full/436.png,0436_bronzor.png,success,canonical-full-asset,
0437,Bronzong,https://www.pokemon.com/us/pokedex/bronzong,https://www.pokemon.com/static-assets/content-assets/cms2/img/pokedex/full/437.png,0437_bronzong.png,success,canonical-full-asset,
0438,Bonsly,https://www.pokemon.com/us/pokedex/bonsly,https://www.pokemon.com/static-assets/content-assets/cms2/img/pokedex/full/438.png,0438_bonsly.png,success,canonical-full-asset,
0439,Mime Jr,https://www.pokemon.com/us/pokedex/mime-jr,https://www.pokemon.com/static-assets/content-assets/cms2/img/pokedex/full/439.png,0439_mime_jr.png,success,canonical-full-asset,
0440,Happiny,https://www.pokemon.com/us/pokedex/happiny,https://www.pokemon.com/static-assets/content-assets/cms2/img/pokedex/full/440.png,0440_happiny.png,success,canonical-full-asset,
0441,Chatot,https://www.pokemon.com/us/pokedex/chatot,https://www.pokemon.com/static-assets/content-assets/cms2/img/pokedex/full/441.png,0441_chatot.png,success,canonical-full-asset,
0442,Spiritomb,https://www.pokemon.com/us/pokedex/spiritomb,https://www.pokemon.com/static-assets/content-assets/cms2/img/pokedex/full/442.png,0442_spiritomb.png,success,canonical-full-asset,
0443,Gible,https://www.pokemon.com/us/pokedex/gible,https://www.pokemon.com/static-assets/content-assets/cms2/img/pokedex/full/443.png,0443_gible.png,success,canonical-full-asset,
0444,Gabite,https://www.pokemon.com/us/pokedex/gabite,https://www.pokemon.com/static-assets/content-assets/cms2/img/pokedex/full/444.png,0444_gabite.png,success,canonical-full-asset,
0445,Garchomp,https://www.pokemon.com/us/pokedex/garchomp,https://www.pokemon.com/static-assets/content-assets/cms2/img/pokedex/full/445.png,0445_garchomp.png,success,canonical-full-asset,
0446,Munchlax,https://www.pokemon.com/us/pokedex/munchlax,https://www.pokemon.com/static-assets/content-assets/cms2/img/pokedex/full/446.png,0446_munchlax.png,success,canonical-full-asset,
0447,Riolu,https://www.pokemon.com/us/pokedex/riolu,https://www.pokemon.com/static-assets/content-assets/cms2/img/pokedex/full/447.png,0447_riolu.png,success,canonical-full-asset,
0448,Lucario,https://www.pokemon.com/us/pokedex/lucario,https://www.pokemon.com/static-assets/content-assets/cms2/img/pokedex/full/448.png,0448_lucario.png,success,canonical-full-asset,
0449,Hippopotas,https://www.pokemon.com/us/pokedex/hippopotas,https://www.pokemon.com/static-assets/content-assets/cms2/img/pokedex/full/449.png,0449_hippopotas.png,success,canonical-full-asset,
0450,Hippowdon,https://www.pokemon.com/us/pokedex/hippowdon,https://www.pokemon.com/static-assets/content-assets/cms2/img/pokedex/full/450.png,0450_hippowdon.png,success,canonical-full-asset,
0451,Skorupi,https://www.pokemon.com/us/pokedex/skorupi,https://www.pokemon.com/static-assets/content-assets/cms2/img/pokedex/full/451.png,0451_skorupi.png,success,canonical-full-asset,
0452,Drapion,https://www.pokemon.com/us/pokedex/drapion,https://www.pokemon.com/static-assets/content-assets/cms2/img/pokedex/full/452.png,0452_drapion.png,success,canonical-full-asset,
0453,Croagunk,https://www.pokemon.com/us/pokedex/croagunk,https://www.pokemon.com/static-assets/content-assets/cms2/img/pokedex/full/453.png,0453_croagunk.png,success,canonical-full-asset,
0454,Toxicroak,https://www.pokemon.com/us/pokedex/toxicroak,https://www.pokemon.com/static-assets/content-assets/cms2/img/pokedex/full/454.png,0454_toxicroak.png,success,canonical-full-asset,
0455,Carnivine,https://www.pokemon.com/us/pokedex/carnivine,https://www.pokemon.com/static-assets/content-assets/cms2/img/pokedex/full/455.png,0455_carnivine.png,success,canonical-full-asset,
0456,Finneon,https://www.pokemon.com/us/pokedex/finneon,https://www.pokemon.com/static-assets/content-assets/cms2/img/pokedex/full/456.png,0456_finneon.png,success,canonical-full-asset,
0457,Lumineon,https://www.pokemon.com/us/pokedex/lumineon,https://www.pokemon.com/static-assets/content-assets/cms2/img/pokedex/full/457.png,0457_lumineon.png,success,canonical-full-asset,
0458,Mantyke,https://www.pokemon.com/us/pokedex/mantyke,https://www.pokemon.com/static-assets/content-assets/cms2/img/pokedex/full/458.png,0458_mantyke.png,success,canonical-full-asset,
0459,Snover,https://www.pokemon.com/us/pokedex/snover,https://www.pokemon.com/static-assets/content-assets/cms2/img/pokedex/full/459.png,0459_snover.png,success,canonical-full-asset,
0460,Abomasnow,https://www.pokemon.com/us/pokedex/abomasnow,https://www.pokemon.com/static-assets/content-assets/cms2/img/pokedex/full/460.png,0460_abomasnow.png,success,canonical-full-asset,
0461,Weavile,https://www.pokemon.com/us/pokedex/weavile,https://www.pokemon.com/static-assets/content-assets/cms2/img/pokedex/full/461.png,0461_weavile.png,success,canonical-full-asset,
0462,Magnezone,https://www.pokemon.com/us/pokedex/magnezone,https://www.pokemon.com/static-assets/content-assets/cms2/img/pokedex/full/462.png,0462_magnezone.png,success,canonical-full-asset,
0463,Lickilicky,https://www.pokemon.com/us/pokedex/lickilicky,https://www.pokemon.com/static-assets/content-assets/cms2/img/pokedex/full/463.png,0463_lickilicky.png,success,canonical-full-asset,
0464,Rhyperior,https://www.pokemon.com/us/pokedex/rhyperior,https://www.pokemon.com/static-assets/content-assets/cms2/img/pokedex/full/464.png,0464_rhyperior.png,success,canonical-full-asset,
0465,Tangrowth,https://www.pokemon.com/us/pokedex/tangrowth,https://www.pokemon.com/static-assets/content-assets/cms2/img/pokedex/full/465.png,0465_tangrowth.png,success,canonical-full-asset,
0466,Electivire,https://www.pokemon.com/us/pokedex/electivire,https://www.pokemon.com/static-assets/content-assets/cms2/img/pokedex/full/466.png,0466_electivire.png,success,canonical-full-asset,
0467,Magmortar,https://www.pokemon.com/us/pokedex/magmortar,https://www.pokemon.com/static-assets/content-assets/cms2/img/pokedex/full/467.png,0467_magmortar.png,success,canonical-full-asset,
0468,Togekiss,https://www.pokemon.com/us/pokedex/togekiss,https://www.pokemon.com/static-assets/content-assets/cms2/img/pokedex/full/468.png,0468_togekiss.png,success,canonical-full-asset,
0469,Yanmega,https://www.pokemon.com/us/pokedex/yanmega,https://www.pokemon.com/static-assets/content-assets/cms2/img/pokedex/full/469.png,0469_yanmega.png,success,canonical-full-asset,
0470,Leafeon,https://www.pokemon.com/us/pokedex/leafeon,https://www.pokemon.com/static-assets/content-assets/cms2/img/pokedex/full/470.png,0470_leafeon.png,success,canonical-full-asset,
0471,Glaceon,https://www.pokemon.com/us/pokedex/glaceon,https://www.pokemon.com/static-assets/content-assets/cms2/img/pokedex/full/471.png,0471_glaceon.png,success,canonical-full-asset,
0472,Gliscor,https://www.pokemon.com/us/pokedex/gliscor,https://www.pokemon.com/static-assets/content-assets/cms2/img/pokedex/full/472.png,0472_gliscor.png,success,canonical-full-asset,
0473,Mamoswine,https://www.pokemon.com/us/pokedex/mamoswine,https://www.pokemon.com/static-assets/content-assets/cms2/img/pokedex/full/473.png,0473_mamoswine.png,success,canonical-full-asset,
0474,Porygon Z,https://www.pokemon.com/us/pokedex/porygon-z,https://www.pokemon.com/static-assets/content-assets/cms2/img/pokedex/full/474.png,0474_porygon_z.png,success,canonical-full-asset,
0475,Gallade,https://www.pokemon.com/us/pokedex/gallade,https://www.pokemon.com/static-assets/content-assets/cms2/img/pokedex/full/475.png,0475_gallade.png,success,canonical-full-asset,
0476,Probopass,https://www.pokemon.com/us/pokedex/probopass,https://www.pokemon.com/static-assets/content-assets/cms2/img/pokedex/full/476.png,0476_probopass.png,success,canonical-full-asset,
0477,Dusknoir,https://www.pokemon.com/us/pokedex/dusknoir,https://www.pokemon.com/static-assets/content-assets/cms2/img/pokedex/full/477.png,0477_dusknoir.png,success,canonical-full-asset,
0478,Froslass,https://www.pokemon.com/us/pokedex/froslass,https://www.pokemon.com/static-assets/content-assets/cms2/img/pokedex/full/478.png,0478_froslass.png,success,canonical-full-asset,
0479,Rotom,https://www.pokemon.com/us/pokedex/rotom,https://www.pokemon.com/static-assets/content-assets/cms2/img/pokedex/full/479.png,0479_rotom.png,success,canonical-full-asset,
0480,Uxie,https://www.pokemon.com/us/pokedex/uxie,https://www.pokemon.com/static-assets/content-assets/cms2/img/pokedex/full/480.png,0480_uxie.png,success,canonical-full-asset,
0481,Mesprit,https://www.pokemon.com/us/pokedex/mesprit,https://www.pokemon.com/static-assets/content-assets/cms2/img/pokedex/full/481.png,0481_mesprit.png,success,canonical-full-asset,
0482,Azelf,https://www.pokemon.com/us/pokedex/azelf,https://www.pokemon.com/static-assets/content-assets/cms2/img/pokedex/full/482.png,0482_azelf.png,success,canonical-full-asset,
0483,Dialga,https://www.pokemon.com/us/pokedex/dialga,https://www.pokemon.com/static-assets/content-assets/cms2/img/pokedex/full/483.png,0483_dialga.png,success,canonical-full-asset,
0484,Palkia,https://www.pokemon.com/us/pokedex/palkia,https://www.pokemon.com/static-assets/content-assets/cms2/img/pokedex/full/484.png,0484_palkia.png,success,canonical-full-asset,
0485,Heatran,https://www.pokemon.com/us/pokedex/heatran,https://www.pokemon.com/static-assets/content-assets/cms2/img/pokedex/full/485.png,0485_heatran.png,success,canonical-full-asset,
0486,Regigigas,https://www.pokemon.com/us/pokedex/regigigas,https://www.pokemon.com/static-assets/content-assets/cms2/img/pokedex/full/486.png,0486_regigigas.png,success,canonical-full-asset,
0487,Giratina,https://www.pokemon.com/us/pokedex/giratina,https://www.pokemon.com/static-assets/content-assets/cms2/img/pokedex/full/487.png,0487_giratina.png,success,canonical-full-asset,
0488,Cresselia,https://www.pokemon.com/us/pokedex/cresselia,https://www.pokemon.com/static-assets/content-assets/cms2/img/pokedex/full/488.png,0488_cresselia.png,success,canonical-full-asset,
0489,Phione,https://www.pokemon.com/us/pokedex/phione,https://www.pokemon.com/static-assets/content-assets/cms2/img/pokedex/full/489.png,0489_phione.png,success,canonical-full-asset,
0490,Manaphy,https://www.pokemon.com/us/pokedex/manaphy,https://www.pokemon.com/static-assets/content-assets/cms2/img/pokedex/full/490.png,0490_manaphy.png,success,canonical-full-asset,
0491,Darkrai,https://www.pokemon.com/us/pokedex/darkrai,https://www.pokemon.com/static-assets/content-assets/cms2/img/pokedex/full/491.png,0491_darkrai.png,success,canonical-full-asset,
0492,Shaymin,https://www.pokemon.com/us/pokedex/shaymin,https://www.pokemon.com/static-assets/content-assets/cms2/img/pokedex/full/492.png,0492_shaymin.png,success,canonical-full-asset,
0493,Arceus,https://www.pokemon.com/us/pokedex/arceus,https://www.pokemon.com/static-assets/content-assets/cms2/img/pokedex/full/493.png,0493_arceus.png,success,canonical-full-asset,
0494,Victini,https://www.pokemon.com/us/pokedex/victini,https://www.pokemon.com/static-assets/content-assets/cms2/img/pokedex/full/494.png,0494_victini.png,success,canonical-full-asset,
0495,Snivy,https://www.pokemon.com/us/pokedex/snivy,https://www.pokemon.com/static-assets/content-assets/cms2/img/pokedex/full/495.png,0495_snivy.png,success,canonical-full-asset,
0496,Servine,https://www.pokemon.com/us/pokedex/servine,https://www.pokemon.com/static-assets/content-assets/cms2/img/pokedex/full/496.png,0496_servine.png,success,canonical-full-asset,
0497,Serperior,https://www.pokemon.com/us/pokedex/serperior,https://www.pokemon.com/static-assets/content-assets/cms2/img/pokedex/full/497.png,0497_serperior.png,success,canonical-full-asset,
0498,Tepig,https://www.pokemon.com/us/pokedex/tepig,https://www.pokemon.com/static-assets/content-assets/cms2/img/pokedex/full/498.png,0498_tepig.png,success,canonical-full-asset,
0499,Pignite,https://www.pokemon.com/us/pokedex/pignite,https://www.pokemon.com/static-assets/content-assets/cms2/img/pokedex/full/499.png,0499_pignite.png,success,canonical-full-asset,
0500,Emboar,https://www.pokemon.com/us/pokedex/emboar,https://www.pokemon.com/static-assets/content-assets/cms2/img/pokedex/full/500.png,0500_emboar.png,success,canonical-full-asset,
0501,Oshawott,https://www.pokemon.com/us/pokedex/oshawott,https://www.pokemon.com/static-assets/content-assets/cms2/img/pokedex/full/501.png,0501_oshawott.png,success,canonical-full-asset,
0502,Dewott,https://www.pokemon.com/us/pokedex/dewott,https://www.pokemon.com/static-assets/content-assets/cms2/img/pokedex/full/502.png,0502_dewott.png,success,canonical-full-asset,
0503,Samurott,https://www.pokemon.com/us/pokedex/samurott,https://www.pokemon.com/static-assets/content-assets/cms2/img/pokedex/full/503.png,0503_samurott.png,success,canonical-full-asset,
0504,Patrat,https://www.pokemon.com/us/pokedex/patrat,https://www.pokemon.com/static-assets/content-assets/cms2/img/pokedex/full/504.png,0504_patrat.png,success,canonical-full-asset,
0505,Watchog,https://www.pokemon.com/us/pokedex/watchog,https://www.pokemon.com/static-assets/content-assets/cms2/img/pokedex/full/505.png,0505_watchog.png,success,canonical-full-asset,
0506,Lillipup,https://www.pokemon.com/us/pokedex/lillipup,https://www.pokemon.com/static-assets/content-assets/cms2/img/pokedex/full/506.png,0506_lillipup.png,success,canonical-full-asset,
0507,Herdier,https://www.pokemon.com/us/pokedex/herdier,https://www.pokemon.com/static-assets/content-assets/cms2/img/pokedex/full/507.png,0507_herdier.png,success,canonical-full-asset,
0508,Stoutland,https://www.pokemon.com/us/pokedex/stoutland,https://www.pokemon.com/static-assets/content-assets/cms2/img/pokedex/full/508.png,0508_stoutland.png,success,canonical-full-asset,
0509,Purrloin,https://www.pokemon.com/us/pokedex/purrloin,https://www.pokemon.com/static-assets/content-assets/cms2/img/pokedex/full/509.png,0509_purrloin.png,success,canonical-full-asset,
0510,Liepard,https://www.pokemon.com/us/pokedex/liepard,https://www.pokemon.com/static-assets/content-assets/cms2/img/pokedex/full/510.png,0510_liepard.png,success,canonical-full-asset,
0511,Pansage,https://www.pokemon.com/us/pokedex/pansage,https://www.pokemon.com/static-assets/content-assets/cms2/img/pokedex/full/511.png,0511_pansage.png,success,canonical-full-asset,
0512,Simisage,https://www.pokemon.com/us/pokedex/simisage,https://www.pokemon.com/static-assets/content-assets/cms2/img/pokedex/full/512.png,0512_simisage.png,success,canonical-full-asset,
0513,Pansear,https://www.pokemon.com/us/pokedex/pansear,https://www.pokemon.com/static-assets/content-assets/cms2/img/pokedex/full/513.png,0513_pansear.png,success,canonical-full-asset,
0514,Simisear,https://www.pokemon.com/us/pokedex/simisear,https://www.pokemon.com/static-assets/content-assets/cms2/img/pokedex/full/514.png,0514_simisear.png,success,canonical-full-asset,
0515,Panpour,https://www.pokemon.com/us/pokedex/panpour,https://www.pokemon.com/static-assets/content-assets/cms2/img/pokedex/full/515.png,0515_panpour.png,success,canonical-full-asset,
0516,Simipour,https://www.pokemon.com/us/pokedex/simipour,https://www.pokemon.com/static-assets/content-assets/cms2/img/pokedex/full/516.png,0516_simipour.png,success,canonical-full-asset,
0517,Munna,https://www.pokemon.com/us/pokedex/munna,https://www.pokemon.com/static-assets/content-assets/cms2/img/pokedex/full/517.png,0517_munna.png,success,canonical-full-asset,
0518,Musharna,https://www.pokemon.com/us/pokedex/musharna,https://www.pokemon.com/static-assets/content-assets/cms2/img/pokedex/full/518.png,0518_musharna.png,success,canonical-full-asset,
0519,Pidove,https://www.pokemon.com/us/pokedex/pidove,https://www.pokemon.com/static-assets/content-assets/cms2/img/pokedex/full/519.png,0519_pidove.png,success,canonical-full-asset,
0520,Tranquill,https://www.pokemon.com/us/pokedex/tranquill,https://www.pokemon.com/static-assets/content-assets/cms2/img/pokedex/full/520.png,0520_tranquill.png,success,canonical-full-asset,
0521,Unfezant,https://www.pokemon.com/us/pokedex/unfezant,https://www.pokemon.com/static-assets/content-assets/cms2/img/pokedex/full/521.png,0521_unfezant.png,success,canonical-full-asset,
0522,Blitzle,https://www.pokemon.com/us/pokedex/blitzle,https://www.pokemon.com/static-assets/content-assets/cms2/img/pokedex/full/522.png,0522_blitzle.png,success,canonical-full-asset,
0523,Zebstrika,https://www.pokemon.com/us/pokedex/zebstrika,https://www.pokemon.com/static-assets/content-assets/cms2/img/pokedex/full/523.png,0523_zebstrika.png,success,canonical-full-asset,
0524,Roggenrola,https://www.pokemon.com/us/pokedex/roggenrola,https://www.pokemon.com/static-assets/content-assets/cms2/img/pokedex/full/524.png,0524_roggenrola.png,success,canonical-full-asset,
0525,Boldore,https://www.pokemon.com/us/pokedex/boldore,https://www.pokemon.com/static-assets/content-assets/cms2/img/pokedex/full/525.png,0525_boldore.png,success,canonical-full-asset,
0526,Gigalith,https://www.pokemon.com/us/pokedex/gigalith,https://www.pokemon.com/static-assets/content-assets/cms2/img/pokedex/full/526.png,0526_gigalith.png,success,canonical-full-asset,
0527,Woobat,https://www.pokemon.com/us/pokedex/woobat,https://www.pokemon.com/static-assets/content-assets/cms2/img/pokedex/full/527.png,0527_woobat.png,success,canonical-full-asset,
0528,Swoobat,https://www.pokemon.com/us/pokedex/swoobat,https://www.pokemon.com/static-assets/content-assets/cms2/img/pokedex/full/528.png,0528_swoobat.png,success,canonical-full-asset,
0529,Drilbur,https://www.pokemon.com/us/pokedex/drilbur,https://www.pokemon.com/static-assets/content-assets/cms2/img/pokedex/full/529.png,0529_drilbur.png,success,canonical-full-asset,
0530,Excadrill,https://www.pokemon.com/us/pokedex/excadrill,https://www.pokemon.com/static-assets/content-assets/cms2/img/pokedex/full/530.png,0530_excadrill.png,success,canonical-full-asset,
0531,Audino,https://www.pokemon.com/us/pokedex/audino,https://www.pokemon.com/static-assets/content-assets/cms2/img/pokedex/full/531.png,0531_audino.png,success,canonical-full-asset,
0532,Timburr,https://www.pokemon.com/us/pokedex/timburr,https://www.pokemon.com/static-assets/content-assets/cms2/img/pokedex/full/532.png,0532_timburr.png,success,canonical-full-asset,
0533,Gurdurr,https://www.pokemon.com/us/pokedex/gurdurr,https://www.pokemon.com/static-assets/content-assets/cms2/img/pokedex/full/533.png,0533_gurdurr.png,success,canonical-full-asset,
0534,Conkeldurr,https://www.pokemon.com/us/pokedex/conkeldurr,https://www.pokemon.com/static-assets/content-assets/cms2/img/pokedex/full/534.png,0534_conkeldurr.png,success,canonical-full-asset,
0535,Tympole,https://www.pokemon.com/us/pokedex/tympole,https://www.pokemon.com/static-assets/content-assets/cms2/img/pokedex/full/535.png,0535_tympole.png,success,canonical-full-asset,
0536,Palpitoad,https://www.pokemon.com/us/pokedex/palpitoad,https://www.pokemon.com/static-assets/content-assets/cms2/img/pokedex/full/536.png,0536_palpitoad.png,success,canonical-full-asset,
0537,Seismitoad,https://www.pokemon.com/us/pokedex/seismitoad,https://www.pokemon.com/static-assets/content-assets/cms2/img/pokedex/full/537.png,0537_seismitoad.png,success,canonical-full-asset,
0538,Throh,https://www.pokemon.com/us/pokedex/throh,https://www.pokemon.com/static-assets/content-assets/cms2/img/pokedex/full/538.png,0538_throh.png,success,canonical-full-asset,
0539,Sawk,https://www.pokemon.com/us/pokedex/sawk,https://www.pokemon.com/static-assets/content-assets/cms2/img/pokedex/full/539.png,0539_sawk.png,success,canonical-full-asset,
0540,Sewaddle,https://www.pokemon.com/us/pokedex/sewaddle,https://www.pokemon.com/static-assets/content-assets/cms2/img/pokedex/full/540.png,0540_sewaddle.png,success,canonical-full-asset,
0541,Swadloon,https://www.pokemon.com/us/pokedex/swadloon,https://www.pokemon.com/static-assets/content-assets/cms2/img/pokedex/full/541.png,0541_swadloon.png,success,canonical-full-asset,
0542,Leavanny,https://www.pokemon.com/us/pokedex/leavanny,https://www.pokemon.com/static-assets/content-assets/cms2/img/pokedex/full/542.png,0542_leavanny.png,success,canonical-full-asset,
0543,Venipede,https://www.pokemon.com/us/pokedex/venipede,https://www.pokemon.com/static-assets/content-assets/cms2/img/pokedex/full/543.png,0543_venipede.png,success,canonical-full-asset,
0544,Whirlipede,https://www.pokemon.com/us/pokedex/whirlipede,https://www.pokemon.com/static-assets/content-assets/cms2/img/pokedex/full/544.png,0544_whirlipede.png,success,canonical-full-asset,
0545,Scolipede,https://www.pokemon.com/us/pokedex/scolipede,https://www.pokemon.com/static-assets/content-assets/cms2/img/pokedex/full/545.png,0545_scolipede.png,success,canonical-full-asset,
0546,Cottonee,https://www.pokemon.com/us/pokedex/cottonee,https://www.pokemon.com/static-assets/content-assets/cms2/img/pokedex/full/546.png,0546_cottonee.png,success,canonical-full-asset,
0547,Whimsicott,https://www.pokemon.com/us/pokedex/whimsicott,https://www.pokemon.com/static-assets/content-assets/cms2/img/pokedex/full/547.png,0547_whimsicott.png,success,canonical-full-asset,
0548,Petilil,https://www.pokemon.com/us/pokedex/petilil,https://www.pokemon.com/static-assets/content-assets/cms2/img/pokedex/full/548.png,0548_petilil.png,success,canonical-full-asset,
0549,Lilligant,https://www.pokemon.com/us/pokedex/lilligant,https://www.pokemon.com/static-assets/content-assets/cms2/img/pokedex/full/549.png,0549_lilligant.png,success,canonical-full-asset,
0550,Basculin,https://www.pokemon.com/us/pokedex/basculin,https://www.pokemon.com/static-assets/content-assets/cms2/img/pokedex/full/550.png,0550_basculin.png,success,canonical-full-asset,
0551,Sandile,https://www.pokemon.com/us/pokedex/sandile,https://www.pokemon.com/static-assets/content-assets/cms2/img/pokedex/full/551.png,0551_sandile.png,success,canonical-full-asset,
0552,Krokorok,https://www.pokemon.com/us/pokedex/krokorok,https://www.pokemon.com/static-assets/content-assets/cms2/img/pokedex/full/552.png,0552_krokorok.png,success,canonical-full-asset,
0553,Krookodile,https://www.pokemon.com/us/pokedex/krookodile,https://www.pokemon.com/static-assets/content-assets/cms2/img/pokedex/full/553.png,0553_krookodile.png,success,canonical-full-asset,
0554,Darumaka,https://www.pokemon.com/us/pokedex/darumaka,https://www.pokemon.com/static-assets/content-assets/cms2/img/pokedex/full/554.png,0554_darumaka.png,success,canonical-full-asset,
0555,Darmanitan,https://www.pokemon.com/us/pokedex/darmanitan,https://www.pokemon.com/static-assets/content-assets/cms2/img/pokedex/full/555.png,0555_darmanitan.png,success,canonical-full-asset,
0556,Maractus,https://www.pokemon.com/us/pokedex/maractus,https://www.pokemon.com/static-assets/content-assets/cms2/img/pokedex/full/556.png,0556_maractus.png,success,canonical-full-asset,
0557,Dwebble,https://www.pokemon.com/us/pokedex/dwebble,https://www.pokemon.com/static-assets/content-assets/cms2/img/pokedex/full/557.png,0557_dwebble.png,success,canonical-full-asset,
0558,Crustle,https://www.pokemon.com/us/pokedex/crustle,https://www.pokemon.com/static-assets/content-assets/cms2/img/pokedex/full/558.png,0558_crustle.png,success,canonical-full-asset,
0559,Scraggy,https://www.pokemon.com/us/pokedex/scraggy,https://www.pokemon.com/static-assets/content-assets/cms2/img/pokedex/full/559.png,0559_scraggy.png,success,canonical-full-asset,
0560,Scrafty,https://www.pokemon.com/us/pokedex/scrafty,https://www.pokemon.com/static-assets/content-assets/cms2/img/pokedex/full/560.png,0560_scrafty.png,success,canonical-full-asset,
0561,Sigilyph,https://www.pokemon.com/us/pokedex/sigilyph,https://www.pokemon.com/static-assets/content-assets/cms2/img/pokedex/full/561.png,0561_sigilyph.png,success,canonical-full-asset,
0562,Yamask,https://www.pokemon.com/us/pokedex/yamask,https://www.pokemon.com/static-assets/content-assets/cms2/img/pokedex/full/562.png,0562_yamask.png,success,canonical-full-asset,
0563,Cofagrigus,https://www.pokemon.com/us/pokedex/cofagrigus,https://www.pokemon.com/static-assets/content-assets/cms2/img/pokedex/full/563.png,0563_cofagrigus.png,success,canonical-full-asset,
0564,Tirtouga,https://www.pokemon.com/us/pokedex/tirtouga,https://www.pokemon.com/static-assets/content-assets/cms2/img/pokedex/full/564.png,0564_tirtouga.png,success,canonical-full-asset,
0565,Carracosta,https://www.pokemon.com/us/pokedex/carracosta,https://www.pokemon.com/static-assets/content-assets/cms2/img/pokedex/full/565.png,0565_carracosta.png,success,canonical-full-asset,
0566,Archen,https://www.pokemon.com/us/pokedex/archen,https://www.pokemon.com/static-assets/content-assets/cms2/img/pokedex/full/566.png,0566_archen.png,success,canonical-full-asset,
0567,Archeops,https://www.pokemon.com/us/pokedex/archeops,https://www.pokemon.com/static-assets/content-assets/cms2/img/pokedex/full/567.png,0567_archeops.png,success,canonical-full-asset,
0568,Trubbish,https://www.pokemon.com/us/pokedex/trubbish,https://www.pokemon.com/static-assets/content-assets/cms2/img/pokedex/full/568.png,0568_trubbish.png,success,canonical-full-asset,
0569,Garbodor,https://www.pokemon.com/us/pokedex/garbodor,https://www.pokemon.com/static-assets/content-assets/cms2/img/pokedex/full/569.png,0569_garbodor.png,success,canonical-full-asset,
0570,Zorua,https://www.pokemon.com/us/pokedex/zorua,https://www.pokemon.com/static-assets/content-assets/cms2/img/pokedex/full/570.png,0570_zorua.png,success,canonical-full-asset,
0571,Zoroark,https://www.pokemon.com/us/pokedex/zoroark,https://www.pokemon.com/static-assets/content-assets/cms2/img/pokedex/full/571.png,0571_zoroark.png,success,canonical-full-asset,
0572,Minccino,https://www.pokemon.com/us/pokedex/minccino,https://www.pokemon.com/static-assets/content-assets/cms2/img/pokedex/full/572.png,0572_minccino.png,success,canonical-full-asset,
0573,Cinccino,https://www.pokemon.com/us/pokedex/cinccino,https://www.pokemon.com/static-assets/content-assets/cms2/img/pokedex/full/573.png,0573_cinccino.png,success,canonical-full-asset,
0574,Gothita,https://www.pokemon.com/us/pokedex/gothita,https://www.pokemon.com/static-assets/content-assets/cms2/img/pokedex/full/574.png,0574_gothita.png,success,canonical-full-asset,
0575,Gothorita,https://www.pokemon.com/us/pokedex/gothorita,https://www.pokemon.com/static-assets/content-assets/cms2/img/pokedex/full/575.png,0575_gothorita.png,success,canonical-full-asset,
0576,Gothitelle,https://www.pokemon.com/us/pokedex/gothitelle,https://www.pokemon.com/static-assets/content-assets/cms2/img/pokedex/full/576.png,0576_gothitelle.png,success,canonical-full-asset,
0577,Solosis,https://www.pokemon.com/us/pokedex/solosis,https://www.pokemon.com/static-assets/content-assets/cms2/img/pokedex/full/577.png,0577_solosis.png,success,canonical-full-asset,
0578,Duosion,https://www.pokemon.com/us/pokedex/duosion,https://www.pokemon.com/static-assets/content-assets/cms2/img/pokedex/full/578.png,0578_duosion.png,success,canonical-full-asset,
0579,Reuniclus,https://www.pokemon.com/us/pokedex/reuniclus,https://www.pokemon.com/static-assets/content-assets/cms2/img/pokedex/full/579.png,0579_reuniclus.png,success,canonical-full-asset,
0580,Ducklett,https://www.pokemon.com/us/pokedex/ducklett,https://www.pokemon.com/static-assets/content-assets/cms2/img/pokedex/full/580.png,0580_ducklett.png,success,canonical-full-asset,
0581,Swanna,https://www.pokemon.com/us/pokedex/swanna,https://www.pokemon.com/static-assets/content-assets/cms2/img/pokedex/full/581.png,0581_swanna.png,success,canonical-full-asset,
0582,Vanillite,https://www.pokemon.com/us/pokedex/vanillite,https://www.pokemon.com/static-assets/content-assets/cms2/img/pokedex/full/582.png,0582_vanillite.png,success,canonical-full-asset,
0583,Vanillish,https://www.pokemon.com/us/pokedex/vanillish,https://www.pokemon.com/static-assets/content-assets/cms2/img/pokedex/full/583.png,0583_vanillish.png,success,canonical-full-asset,
0584,Vanilluxe,https://www.pokemon.com/us/pokedex/vanilluxe,https://www.pokemon.com/static-assets/content-assets/cms2/img/pokedex/full/584.png,0584_vanilluxe.png,success,canonical-full-asset,
0585,Deerling,https://www.pokemon.com/us/pokedex/deerling,https://www.pokemon.com/static-assets/content-assets/cms2/img/pokedex/full/585.png,0585_deerling.png,success,canonical-full-asset,
0586,Sawsbuck,https://www.pokemon.com/us/pokedex/sawsbuck,https://www.pokemon.com/static-assets/content-assets/cms2/img/pokedex/full/586.png,0586_sawsbuck.png,success,canonical-full-asset,
0587,Emolga,https://www.pokemon.com/us/pokedex/emolga,https://www.pokemon.com/static-assets/content-assets/cms2/img/pokedex/full/587.png,0587_emolga.png,success,canonical-full-asset,
0588,Karrablast,https://www.pokemon.com/us/pokedex/karrablast,https://www.pokemon.com/static-assets/content-assets/cms2/img/pokedex/full/588.png,0588_karrablast.png,success,canonical-full-asset,
0589,Escavalier,https://www.pokemon.com/us/pokedex/escavalier,https://www.pokemon.com/static-assets/content-assets/cms2/img/pokedex/full/589.png,0589_escavalier.png,success,canonical-full-asset,
0590,Foongus,https://www.pokemon.com/us/pokedex/foongus,https://www.pokemon.com/static-assets/content-assets/cms2/img/pokedex/full/590.png,0590_foongus.png,success,canonical-full-asset,
0591,Amoonguss,https://www.pokemon.com/us/pokedex/amoonguss,https://www.pokemon.com/static-assets/content-assets/cms2/img/pokedex/full/591.png,0591_amoonguss.png,success,canonical-full-asset,
0592,Frillish,https://www.pokemon.com/us/pokedex/frillish,https://www.pokemon.com/static-assets/content-assets/cms2/img/pokedex/full/592.png,0592_frillish.png,success,canonical-full-asset,
0593,Jellicent,https://www.pokemon.com/us/pokedex/jellicent,https://www.pokemon.com/static-assets/content-assets/cms2/img/pokedex/full/593.png,0593_jellicent.png,success,canonical-full-asset,
0594,Alomomola,https://www.pokemon.com/us/pokedex/alomomola,https://www.pokemon.com/static-assets/content-assets/cms2/img/pokedex/full/594.png,0594_alomomola.png,success,canonical-full-asset,
0595,Joltik,https://www.pokemon.com/us/pokedex/joltik,https://www.pokemon.com/static-assets/content-assets/cms2/img/pokedex/full/595.png,0595_joltik.png,success,canonical-full-asset,
0596,Galvantula,https://www.pokemon.com/us/pokedex/galvantula,https://www.pokemon.com/static-assets/content-assets/cms2/img/pokedex/full/596.png,0596_galvantula.png,success,canonical-full-asset,
0597,Ferroseed,https://www.pokemon.com/us/pokedex/ferroseed,https://www.pokemon.com/static-assets/content-assets/cms2/img/pokedex/full/597.png,0597_ferroseed.png,success,canonical-full-asset,
0598,Ferrothorn,https://www.pokemon.com/us/pokedex/ferrothorn,https://www.pokemon.com/static-assets/content-assets/cms2/img/pokedex/full/598.png,0598_ferrothorn.png,success,canonical-full-asset,
0599,Klink,https://www.pokemon.com/us/pokedex/klink,https://www.pokemon.com/static-assets/content-assets/cms2/img/pokedex/full/599.png,0599_klink.png,success,canonical-full-asset,
0600,Klang,https://www.pokemon.com/us/pokedex/klang,https://www.pokemon.com/static-assets/content-assets/cms2/img/pokedex/full/600.png,0600_klang.png,success,canonical-full-asset,
0601,Klinklang,https://www.pokemon.com/us/pokedex/klinklang,https://www.pokemon.com/static-assets/content-assets/cms2/img/pokedex/full/601.png,0601_klinklang.png,success,canonical-full-asset,
0602,Tynamo,https://www.pokemon.com/us/pokedex/tynamo,https://www.pokemon.com/static-assets/content-assets/cms2/img/pokedex/full/602.png,0602_tynamo.png,success,canonical-full-asset,
0603,Eelektrik,https://www.pokemon.com/us/pokedex/eelektrik,https://www.pokemon.com/static-assets/content-assets/cms2/img/pokedex/full/603.png,0603_eelektrik.png,success,canonical-full-asset,
0604,Eelektross,https://www.pokemon.com/us/pokedex/eelektross,https://www.pokemon.com/static-assets/content-assets/cms2/img/pokedex/full/604.png,0604_eelektross.png,success,canonical-full-asset,
0605,Elgyem,https://www.pokemon.com/us/pokedex/elgyem,https://www.pokemon.com/static-assets/content-assets/cms2/img/pokedex/full/605.png,0605_elgyem.png,success,canonical-full-asset,
0606,Beheeyem,https://www.pokemon.com/us/pokedex/beheeyem,https://www.pokemon.com/static-assets/content-assets/cms2/img/pokedex/full/606.png,0606_beheeyem.png,success,canonical-full-asset,
0607,Litwick,https://www.pokemon.com/us/pokedex/litwick,https://www.pokemon.com/static-assets/content-assets/cms2/img/pokedex/full/607.png,0607_litwick.png,success,canonical-full-asset,
0608,Lampent,https://www.pokemon.com/us/pokedex/lampent,https://www.pokemon.com/static-assets/content-assets/cms2/img/pokedex/full/608.png,0608_lampent.png,success,canonical-full-asset,
0609,Chandelure,https://www.pokemon.com/us/pokedex/chandelure,https://www.pokemon.com/static-assets/content-assets/cms2/img/pokedex/full/609.png,0609_chandelure.png,success,canonical-full-asset,
0610,Axew,https://www.pokemon.com/us/pokedex/axew,https://www.pokemon.com/static-assets/content-assets/cms2/img/pokedex/full/610.png,0610_axew.png,success,canonical-full-asset,
0611,Fraxure,https://www.pokemon.com/us/pokedex/fraxure,https://www.pokemon.com/static-assets/content-assets/cms2/img/pokedex/full/611.png,0611_fraxure.png,success,canonical-full-asset,
0612,Haxorus,https://www.pokemon.com/us/pokedex/haxorus,https://www.pokemon.com/static-assets/content-assets/cms2/img/pokedex/full/612.png,0612_haxorus.png,success,canonical-full-asset,
0613,Cubchoo,https://www.pokemon.com/us/pokedex/cubchoo,https://www.pokemon.com/static-assets/content-assets/cms2/img/pokedex/full/613.png,0613_cubchoo.png,success,canonical-full-asset,
0614,Beartic,https://www.pokemon.com/us/pokedex/beartic,https://www.pokemon.com/static-assets/content-assets/cms2/img/pokedex/full/614.png,0614_beartic.png,success,canonical-full-asset,
0615,Cryogonal,https://www.pokemon.com/us/pokedex/cryogonal,https://www.pokemon.com/static-assets/content-assets/cms2/img/pokedex/full/615.png,0615_cryogonal.png,success,canonical-full-asset,
0616,Shelmet,https://www.pokemon.com/us/pokedex/shelmet,https://www.pokemon.com/static-assets/content-assets/cms2/img/pokedex/full/616.png,0616_shelmet.png,success,canonical-full-asset,
0617,Accelgor,https://www.pokemon.com/us/pokedex/accelgor,https://www.pokemon.com/static-assets/content-assets/cms2/img/pokedex/full/617.png,0617_accelgor.png,success,canonical-full-asset,
0618,Stunfisk,https://www.pokemon.com/us/pokedex/stunfisk,https://www.pokemon.com/static-assets/content-assets/cms2/img/pokedex/full/618.png,0618_stunfisk.png,success,canonical-full-asset,
0619,Mienfoo,https://www.pokemon.com/us/pokedex/mienfoo,https://www.pokemon.com/static-assets/content-assets/cms2/img/pokedex/full/619.png,0619_mienfoo.png,success,canonical-full-asset,
0620,Mienshao,https://www.pokemon.com/us/pokedex/mienshao,https://www.pokemon.com/static-assets/content-assets/cms2/img/pokedex/full/620.png,0620_mienshao.png,success,canonical-full-asset,
0621,Druddigon,https://www.pokemon.com/us/pokedex/druddigon,https://www.pokemon.com/static-assets/content-assets/cms2/img/pokedex/full/621.png,0621_druddigon.png,success,canonical-full-asset,
0622,Golett,https://www.pokemon.com/us/pokedex/golett,https://www.pokemon.com/static-assets/content-assets/cms2/img/pokedex/full/622.png,0622_golett.png,success,canonical-full-asset,
0623,Golurk,https://www.pokemon.com/us/pokedex/golurk,https://www.pokemon.com/static-assets/content-assets/cms2/img/pokedex/full/623.png,0623_golurk.png,success,canonical-full-asset,
0624,Pawniard,https://www.pokemon.com/us/pokedex/pawniard,https://www.pokemon.com/static-assets/content-assets/cms2/img/pokedex/full/624.png,0624_pawniard.png,success,canonical-full-asset,
0625,Bisharp,https://www.pokemon.com/us/pokedex/bisharp,https://www.pokemon.com/static-assets/content-assets/cms2/img/pokedex/full/625.png,0625_bisharp.png,success,canonical-full-asset,
0626,Bouffalant,https://www.pokemon.com/us/pokedex/bouffalant,https://www.pokemon.com/static-assets/content-assets/cms2/img/pokedex/full/626.png,0626_bouffalant.png,success,canonical-full-asset,
0627,Rufflet,https://www.pokemon.com/us/pokedex/rufflet,https://www.pokemon.com/static-assets/content-assets/cms2/img/pokedex/full/627.png,0627_rufflet.png,success,canonical-full-asset,
0628,Braviary,https://www.pokemon.com/us/pokedex/braviary,https://www.pokemon.com/static-assets/content-assets/cms2/img/pokedex/full/628.png,0628_braviary.png,success,canonical-full-asset,
0629,Vullaby,https://www.pokemon.com/us/pokedex/vullaby,https://www.pokemon.com/static-assets/content-assets/cms2/img/pokedex/full/629.png,0629_vullaby.png,success,canonical-full-asset,
0630,Mandibuzz,https://www.pokemon.com/us/pokedex/mandibuzz,https://www.pokemon.com/static-assets/content-assets/cms2/img/pokedex/full/630.png,0630_mandibuzz.png,success,canonical-full-asset,
0631,Heatmor,https://www.pokemon.com/us/pokedex/heatmor,https://www.pokemon.com/static-assets/content-assets/cms2/img/pokedex/full/631.png,0631_heatmor.png,success,canonical-full-asset,
0632,Durant,https://www.pokemon.com/us/pokedex/durant,https://www.pokemon.com/static-assets/content-assets/cms2/img/pokedex/full/632.png,0632_durant.png,success,canonical-full-asset,
0633,Deino,https://www.pokemon.com/us/pokedex/deino,https://www.pokemon.com/static-assets/content-assets/cms2/img/pokedex/full/633.png,0633_deino.png,success,canonical-full-asset,
0634,Zweilous,https://www.pokemon.com/us/pokedex/zweilous,https://www.pokemon.com/static-assets/content-assets/cms2/img/pokedex/full/634.png,0634_zweilous.png,success,canonical-full-asset,
0635,Hydreigon,https://www.pokemon.com/us/pokedex/hydreigon,https://www.pokemon.com/static-assets/content-assets/cms2/img/pokedex/full/635.png,0635_hydreigon.png,success,canonical-full-asset,
0636,Larvesta,https://www.pokemon.com/us/pokedex/larvesta,https://www.pokemon.com/static-assets/content-assets/cms2/img/pokedex/full/636.png,0636_larvesta.png,success,canonical-full-asset,
0637,Volcarona,https://www.pokemon.com/us/pokedex/volcarona,https://www.pokemon.com/static-assets/content-assets/cms2/img/pokedex/full/637.png,0637_volcarona.png,success,canonical-full-asset,
0638,Cobalion,https://www.pokemon.com/us/pokedex/cobalion,https://www.pokemon.com/static-assets/content-assets/cms2/img/pokedex/full/638.png,0638_cobalion.png,success,canonical-full-asset,
0639,Terrakion,https://www.pokemon.com/us/pokedex/terrakion,https://www.pokemon.com/static-assets/content-assets/cms2/img/pokedex/full/639.png,0639_terrakion.png,success,canonical-full-asset,
0640,Virizion,https://www.pokemon.com/us/pokedex/virizion,https://www.pokemon.com/static-assets/content-assets/cms2/img/pokedex/full/640.png,0640_virizion.png,success,canonical-full-asset,
0641,Tornadus,https://www.pokemon.com/us/pokedex/tornadus,https://www.pokemon.com/static-assets/content-assets/cms2/img/pokedex/full/641.png,0641_tornadus.png,success,canonical-full-asset,
0642,Thundurus,https://www.pokemon.com/us/pokedex/thundurus,https://www.pokemon.com/static-assets/content-assets/cms2/img/pokedex/full/642.png,0642_thundurus.png,success,canonical-full-asset,
0643,Reshiram,https://www.pokemon.com/us/pokedex/reshiram,https://www.pokemon.com/static-assets/content-assets/cms2/img/pokedex/full/643.png,0643_reshiram.png,success,canonical-full-asset,
0644,Zekrom,https://www.pokemon.com/us/pokedex/zekrom,https://www.pokemon.com/static-assets/content-assets/cms2/img/pokedex/full/644.png,0644_zekrom.png,success,canonical-full-asset,
0645,Landorus,https://www.pokemon.com/us/pokedex/landorus,https://www.pokemon.com/static-assets/content-assets/cms2/img/pokedex/full/645.png,0645_landorus.png,success,canonical-full-asset,
0646,Kyurem,https://www.pokemon.com/us/pokedex/kyurem,https://www.pokemon.com/static-assets/content-assets/cms2/img/pokedex/full/646.png,0646_kyurem.png,success,canonical-full-asset,
0647,Keldeo,https://www.pokemon.com/us/pokedex/keldeo,https://www.pokemon.com/static-assets/content-assets/cms2/img/pokedex/full/647.png,0647_keldeo.png,success,canonical-full-asset,
0648,Meloetta,https://www.pokemon.com/us/pokedex/meloetta,https://www.pokemon.com/static-assets/content-assets/cms2/img/pokedex/full/648.png,0648_meloetta.png,success,canonical-full-asset,
0649,Genesect,https://www.pokemon.com/us/pokedex/genesect,https://www.pokemon.com/static-assets/content-assets/cms2/img/pokedex/full/649.png,0649_genesect.png,success,canonical-full-asset,
0650,Chespin,https://www.pokemon.com/us/pokedex/chespin,https://www.pokemon.com/static-assets/content-assets/cms2/img/pokedex/full/650.png,0650_chespin.png,success,canonical-full-asset,
0651,Quilladin,https://www.pokemon.com/us/pokedex/quilladin,https://www.pokemon.com/static-assets/content-assets/cms2/img/pokedex/full/651.png,0651_quilladin.png,success,canonical-full-asset,
0652,Chesnaught,https://www.pokemon.com/us/pokedex/chesnaught,https://www.pokemon.com/static-assets/content-assets/cms2/img/pokedex/full/652.png,0652_chesnaught.png,success,canonical-full-asset,
0653,Fennekin,https://www.pokemon.com/us/pokedex/fennekin,https://www.pokemon.com/static-assets/content-assets/cms2/img/pokedex/full/653.png,0653_fennekin.png,success,canonical-full-asset,
0654,Braixen,https://www.pokemon.com/us/pokedex/braixen,https://www.pokemon.com/static-assets/content-assets/cms2/img/pokedex/full/654.png,0654_braixen.png,success,canonical-full-asset,
0655,Delphox,https://www.pokemon.com/us/pokedex/delphox,https://www.pokemon.com/static-assets/content-assets/cms2/img/pokedex/full/655.png,0655_delphox.png,success,canonical-full-asset,
0656,Froakie,https://www.pokemon.com/us/pokedex/froakie,https://www.pokemon.com/static-assets/content-assets/cms2/img/pokedex/full/656.png,0656_froakie.png,success,canonical-full-asset,
0657,Frogadier,https://www.pokemon.com/us/pokedex/frogadier,https://www.pokemon.com/static-assets/content-assets/cms2/img/pokedex/full/657.png,0657_frogadier.png,success,canonical-full-asset,
0658,Greninja,https://www.pokemon.com/us/pokedex/greninja,https://www.pokemon.com/static-assets/content-assets/cms2/img/pokedex/full/658.png,0658_greninja.png,success,canonical-full-asset,
0659,Bunnelby,https://www.pokemon.com/us/pokedex/bunnelby,https://www.pokemon.com/static-assets/content-assets/cms2/img/pokedex/full/659.png,0659_bunnelby.png,success,canonical-full-asset,
0660,Diggersby,https://www.pokemon.com/us/pokedex/diggersby,https://www.pokemon.com/static-assets/content-assets/cms2/img/pokedex/full/660.png,0660_diggersby.png,success,canonical-full-asset,
0661,Fletchling,https://www.pokemon.com/us/pokedex/fletchling,https://www.pokemon.com/static-assets/content-assets/cms2/img/pokedex/full/661.png,0661_fletchling.png,success,canonical-full-asset,
0662,Fletchinder,https://www.pokemon.com/us/pokedex/fletchinder,https://www.pokemon.com/static-assets/content-assets/cms2/img/pokedex/full/662.png,0662_fletchinder.png,success,canonical-full-asset,
0663,Talonflame,https://www.pokemon.com/us/pokedex/talonflame,https://www.pokemon.com/static-assets/content-assets/cms2/img/pokedex/full/663.png,0663_talonflame.png,success,canonical-full-asset,
0664,Scatterbug,https://www.pokemon.com/us/pokedex/scatterbug,https://www.pokemon.com/static-assets/content-assets/cms2/img/pokedex/full/664.png,0664_scatterbug.png,success,canonical-full-asset,
0665,Spewpa,https://www.pokemon.com/us/pokedex/spewpa,https://www.pokemon.com/static-assets/content-assets/cms2/img/pokedex/full/665.png,0665_spewpa.png,success,canonical-full-asset,
0666,Vivillon,https://www.pokemon.com/us/pokedex/vivillon,https://www.pokemon.com/static-assets/content-assets/cms2/img/pokedex/full/666.png,0666_vivillon.png,success,canonical-full-asset,
0667,Litleo,https://www.pokemon.com/us/pokedex/litleo,https://www.pokemon.com/static-assets/content-assets/cms2/img/pokedex/full/667.png,0667_litleo.png,success,canonical-full-asset,
0668,Pyroar,https://www.pokemon.com/us/pokedex/pyroar,https://www.pokemon.com/static-assets/content-assets/cms2/img/pokedex/full/668.png,0668_pyroar.png,success,canonical-full-asset,
0669,Flabebe,https://www.pokemon.com/us/pokedex/flabebe,https://www.pokemon.com/static-assets/content-assets/cms2/img/pokedex/full/669.png,0669_flabebe.png,success,canonical-full-asset,
0670,Floette,https://www.pokemon.com/us/pokedex/floette,https://www.pokemon.com/static-assets/content-assets/cms2/img/pokedex/full/670.png,0670_floette.png,success,canonical-full-asset,
0671,Florges,https://www.pokemon.com/us/pokedex/florges,https://www.pokemon.com/static-assets/content-assets/cms2/img/pokedex/full/671.png,0671_florges.png,success,canonical-full-asset,
0672,Skiddo,https://www.pokemon.com/us/pokedex/skiddo,https://www.pokemon.com/static-assets/content-assets/cms2/img/pokedex/full/672.png,0672_skiddo.png,success,canonical-full-asset,
0673,Gogoat,https://www.pokemon.com/us/pokedex/gogoat,https://www.pokemon.com/static-assets/content-assets/cms2/img/pokedex/full/673.png,0673_gogoat.png,success,canonical-full-asset,
0674,Pancham,https://www.pokemon.com/us/pokedex/pancham,https://www.pokemon.com/static-assets/content-assets/cms2/img/pokedex/full/674.png,0674_pancham.png,success,canonical-full-asset,
0675,Pangoro,https://www.pokemon.com/us/pokedex/pangoro,https://www.pokemon.com/static-assets/content-assets/cms2/img/pokedex/full/675.png,0675_pangoro.png,success,canonical-full-asset,
0676,Furfrou,https://www.pokemon.com/us/pokedex/furfrou,https://www.pokemon.com/static-assets/content-assets/cms2/img/pokedex/full/676.png,0676_furfrou.png,success,canonical-full-asset,
0677,Espurr,https://www.pokemon.com/us/pokedex/espurr,https://www.pokemon.com/static-assets/content-assets/cms2/img/pokedex/full/677.png,0677_espurr.png,success,canonical-full-asset,
0678,Meowstic,https://www.pokemon.com/us/pokedex/meowstic,https://www.pokemon.com/static-assets/content-assets/cms2/img/pokedex/full/678.png,0678_meowstic.png,success,canonical-full-asset,
0679,Honedge,https://www.pokemon.com/us/pokedex/honedge,https://www.pokemon.com/static-assets/content-assets/cms2/img/pokedex/full/679.png,0679_honedge.png,success,canonical-full-asset,
0680,Doublade,https://www.pokemon.com/us/pokedex/doublade,https://www.pokemon.com/static-assets/content-assets/cms2/img/pokedex/full/680.png,0680_doublade.png,success,canonical-full-asset,
0681,Aegislash,https://www.pokemon.com/us/pokedex/aegislash,https://www.pokemon.com/static-assets/content-assets/cms2/img/pokedex/full/681.png,0681_aegislash.png,success,canonical-full-asset,
0682,Spritzee,https://www.pokemon.com/us/pokedex/spritzee,https://www.pokemon.com/static-assets/content-assets/cms2/img/pokedex/full/682.png,0682_spritzee.png,success,canonical-full-asset,
0683,Aromatisse,https://www.pokemon.com/us/pokedex/aromatisse,https://www.pokemon.com/static-assets/content-assets/cms2/img/pokedex/full/683.png,0683_aromatisse.png,success,canonical-full-asset,
0684,Swirlix,https://www.pokemon.com/us/pokedex/swirlix,https://www.pokemon.com/static-assets/content-assets/cms2/img/pokedex/full/684.png,0684_swirlix.png,success,canonical-full-asset,
0685,Slurpuff,https://www.pokemon.com/us/pokedex/slurpuff,https://www.pokemon.com/static-assets/content-assets/cms2/img/pokedex/full/685.png,0685_slurpuff.png,success,canonical-full-asset,
0686,Inkay,https://www.pokemon.com/us/pokedex/inkay,https://www.pokemon.com/static-assets/content-assets/cms2/img/pokedex/full/686.png,0686_inkay.png,success,canonical-full-asset,
0687,Malamar,https://www.pokemon.com/us/pokedex/malamar,https://www.pokemon.com/static-assets/content-assets/cms2/img/pokedex/full/687.png,0687_malamar.png,success,canonical-full-asset,
0688,Binacle,https://www.pokemon.com/us/pokedex/binacle,https://www.pokemon.com/static-assets/content-assets/cms2/img/pokedex/full/688.png,0688_binacle.png,success,canonical-full-asset,
0689,Barbaracle,https://www.pokemon.com/us/pokedex/barbaracle,https://www.pokemon.com/static-assets/content-assets/cms2/img/pokedex/full/689.png,0689_barbaracle.png,success,canonical-full-asset,
0690,Skrelp,https://www.pokemon.com/us/pokedex/skrelp,https://www.pokemon.com/static-assets/content-assets/cms2/img/pokedex/full/690.png,0690_skrelp.png,success,canonical-full-asset,
0691,Dragalge,https://www.pokemon.com/us/pokedex/dragalge,https://www.pokemon.com/static-assets/content-assets/cms2/img/pokedex/full/691.png,0691_dragalge.png,success,canonical-full-asset,
0692,Clauncher,https://www.pokemon.com/us/pokedex/clauncher,https://www.pokemon.com/static-assets/content-assets/cms2/img/pokedex/full/692.png,0692_clauncher.png,success,canonical-full-asset,
0693,Clawitzer,https://www.pokemon.com/us/pokedex/clawitzer,https://www.pokemon.com/static-assets/content-assets/cms2/img/pokedex/full/693.png,0693_clawitzer.png,success,canonical-full-asset,
0694,Helioptile,https://www.pokemon.com/us/pokedex/helioptile,https://www.pokemon.com/static-assets/content-assets/cms2/img/pokedex/full/694.png,0694_helioptile.png,success,canonical-full-asset,
0695,Heliolisk,https://www.pokemon.com/us/pokedex/heliolisk,https://www.pokemon.com/static-assets/content-assets/cms2/img/pokedex/full/695.png,0695_heliolisk.png,success,canonical-full-asset,
0696,Tyrunt,https://www.pokemon.com/us/pokedex/tyrunt,https://www.pokemon.com/static-assets/content-assets/cms2/img/pokedex/full/696.png,0696_tyrunt.png,success,canonical-full-asset,
0697,Tyrantrum,https://www.pokemon.com/us/pokedex/tyrantrum,https://www.pokemon.com/static-assets/content-assets/cms2/img/pokedex/full/697.png,0697_tyrantrum.png,success,canonical-full-asset,
0698,Amaura,https://www.pokemon.com/us/pokedex/amaura,https://www.pokemon.com/static-assets/content-assets/cms2/img/pokedex/full/698.png,0698_amaura.png,success,canonical-full-asset,
0699,Aurorus,https://www.pokemon.com/us/pokedex/aurorus,https://www.pokemon.com/static-assets/content-assets/cms2/img/pokedex/full/699.png,0699_aurorus.png,success,canonical-full-asset,
0700,Sylveon,https://www.pokemon.com/us/pokedex/sylveon,https://www.pokemon.com/static-assets/content-assets/cms2/img/pokedex/full/700.png,0700_sylveon.png,success,canonical-full-asset,
0701,Hawlucha,https://www.pokemon.com/us/pokedex/hawlucha,https://www.pokemon.com/static-assets/content-assets/cms2/img/pokedex/full/701.png,0701_hawlucha.png,success,canonical-full-asset,
0702,Dedenne,https://www.pokemon.com/us/pokedex/dedenne,https://www.pokemon.com/static-assets/content-assets/cms2/img/pokedex/full/702.png,0702_dedenne.png,success,canonical-full-asset,
0703,Carbink,https://www.pokemon.com/us/pokedex/carbink,https://www.pokemon.com/static-assets/content-assets/cms2/img/pokedex/full/703.png,0703_carbink.png,success,canonical-full-asset,
0704,Goomy,https://www.pokemon.com/us/pokedex/goomy,https://www.pokemon.com/static-assets/content-assets/cms2/img/pokedex/full/704.png,0704_goomy.png,success,canonical-full-asset,
0705,Sliggoo,https://www.pokemon.com/us/pokedex/sliggoo,https://www.pokemon.com/static-assets/content-assets/cms2/img/pokedex/full/705.png,0705_sliggoo.png,success,canonical-full-asset,
0706,Goodra,https://www.pokemon.com/us/pokedex/goodra,https://www.pokemon.com/static-assets/content-assets/cms2/img/pokedex/full/706.png,0706_goodra.png,success,canonical-full-asset,
0707,Klefki,https://www.pokemon.com/us/pokedex/klefki,https://www.pokemon.com/static-assets/content-assets/cms2/img/pokedex/full/707.png,0707_klefki.png,success,canonical-full-asset,
0708,Phantump,https://www.pokemon.com/us/pokedex/phantump,https://www.pokemon.com/static-assets/content-assets/cms2/img/pokedex/full/708.png,0708_phantump.png,success,canonical-full-asset,
0709,Trevenant,https://www.pokemon.com/us/pokedex/trevenant,https://www.pokemon.com/static-assets/content-assets/cms2/img/pokedex/full/709.png,0709_trevenant.png,success,canonical-full-asset,
0710,Pumpkaboo,https://www.pokemon.com/us/pokedex/pumpkaboo,https://www.pokemon.com/static-assets/content-assets/cms2/img/pokedex/full/710.png,0710_pumpkaboo.png,success,canonical-full-asset,
0711,Gourgeist,https://www.pokemon.com/us/pokedex/gourgeist,https://www.pokemon.com/static-assets/content-assets/cms2/img/pokedex/full/711.png,0711_gourgeist.png,success,canonical-full-asset,
0712,Bergmite,https://www.pokemon.com/us/pokedex/bergmite,https://www.pokemon.com/static-assets/content-assets/cms2/img/pokedex/full/712.png,0712_bergmite.png,success,canonical-full-asset,
0713,Avalugg,https://www.pokemon.com/us/pokedex/avalugg,https://www.pokemon.com/static-assets/content-assets/cms2/img/pokedex/full/713.png,0713_avalugg.png,success,canonical-full-asset,
0714,Noibat,https://www.pokemon.com/us/pokedex/noibat,https://www.pokemon.com/static-assets/content-assets/cms2/img/pokedex/full/714.png,0714_noibat.png,success,canonical-full-asset,
0715,Noivern,https://www.pokemon.com/us/pokedex/noivern,https://www.pokemon.com/static-assets/content-assets/cms2/img/pokedex/full/715.png,0715_noivern.png,success,canonical-full-asset,
0716,Xerneas,https://www.pokemon.com/us/pokedex/xerneas,https://www.pokemon.com/static-assets/content-assets/cms2/img/pokedex/full/716.png,0716_xerneas.png,success,canonical-full-asset,
0717,Yveltal,https://www.pokemon.com/us/pokedex/yveltal,https://www.pokemon.com/static-assets/content-assets/cms2/img/pokedex/full/717.png,0717_yveltal.png,success,canonical-full-asset,
0718,Zygarde,https://www.pokemon.com/us/pokedex/zygarde,https://www.pokemon.com/static-assets/content-assets/cms2/img/pokedex/full/718.png,0718_zygarde.png,success,canonical-full-asset,
0719,Diancie,https://www.pokemon.com/us/pokedex/diancie,https://www.pokemon.com/static-assets/content-assets/cms2/img/pokedex/full/719.png,0719_diancie.png,success,canonical-full-asset,
0720,Hoopa,https://www.pokemon.com/us/pokedex/hoopa,https://www.pokemon.com/static-assets/content-assets/cms2/img/pokedex/full/720.png,0720_hoopa.png,success,canonical-full-asset,
0721,Volcanion,https://www.pokemon.com/us/pokedex/volcanion,https://www.pokemon.com/static-assets/content-assets/cms2/img/pokedex/full/721.png,0721_volcanion.png,success,canonical-full-asset,
0722,Rowlet,https://www.pokemon.com/us/pokedex/rowlet,https://www.pokemon.com/static-assets/content-assets/cms2/img/pokedex/full/722.png,0722_rowlet.png,success,canonical-full-asset,
0723,Dartrix,https://www.pokemon.com/us/pokedex/dartrix,https://www.pokemon.com/static-assets/content-assets/cms2/img/pokedex/full/723.png,0723_dartrix.png,success,canonical-full-asset,
0724,Decidueye,https://www.pokemon.com/us/pokedex/decidueye,https://www.pokemon.com/static-assets/content-assets/cms2/img/pokedex/full/724.png,0724_decidueye.png,success,canonical-full-asset,
0725,Litten,https://www.pokemon.com/us/pokedex/litten,https://www.pokemon.com/static-assets/content-assets/cms2/img/pokedex/full/725.png,0725_litten.png,success,canonical-full-asset,
0726,Torracat,https://www.pokemon.com/us/pokedex/torracat,https://www.pokemon.com/static-assets/content-assets/cms2/img/pokedex/full/726.png,0726_torracat.png,success,canonical-full-asset,
0727,Incineroar,https://www.pokemon.com/us/pokedex/incineroar,https://www.pokemon.com/static-assets/content-assets/cms2/img/pokedex/full/727.png,0727_incineroar.png,success,canonical-full-asset,
0728,Popplio,https://www.pokemon.com/us/pokedex/popplio,https://www.pokemon.com/static-assets/content-assets/cms2/img/pokedex/full/728.png,0728_popplio.png,success,canonical-full-asset,
0729,Brionne,https://www.pokemon.com/us/pokedex/brionne,https://www.pokemon.com/static-assets/content-assets/cms2/img/pokedex/full/729.png,0729_brionne.png,success,canonical-full-asset,
0730,Primarina,https://www.pokemon.com/us/pokedex/primarina,https://www.pokemon.com/static-assets/content-assets/cms2/img/pokedex/full/730.png,0730_primarina.png,success,canonical-full-asset,
0731,Pikipek,https://www.pokemon.com/us/pokedex/pikipek,https://www.pokemon.com/static-assets/content-assets/cms2/img/pokedex/full/731.png,0731_pikipek.png,success,canonical-full-asset,
0732,Trumbeak,https://www.pokemon.com/us/pokedex/trumbeak,https://www.pokemon.com/static-assets/content-assets/cms2/img/pokedex/full/732.png,0732_trumbeak.png,success,canonical-full-asset,
0733,Toucannon,https://www.pokemon.com/us/pokedex/toucannon,https://www.pokemon.com/static-assets/content-assets/cms2/img/pokedex/full/733.png,0733_toucannon.png,success,canonical-full-asset,
0734,Yungoos,https://www.pokemon.com/us/pokedex/yungoos,https://www.pokemon.com/static-assets/content-assets/cms2/img/pokedex/full/734.png,0734_yungoos.png,success,canonical-full-asset,
0735,Gumshoos,https://www.pokemon.com/us/pokedex/gumshoos,https://www.pokemon.com/static-assets/content-assets/cms2/img/pokedex/full/735.png,0735_gumshoos.png,success,canonical-full-asset,
0736,Grubbin,https://www.pokemon.com/us/pokedex/grubbin,https://www.pokemon.com/static-assets/content-assets/cms2/img/pokedex/full/736.png,0736_grubbin.png,success,canonical-full-asset,
0737,Charjabug,https://www.pokemon.com/us/pokedex/charjabug,https://www.pokemon.com/static-assets/content-assets/cms2/img/pokedex/full/737.png,0737_charjabug.png,success,canonical-full-asset,
0738,Vikavolt,https://www.pokemon.com/us/pokedex/vikavolt,https://www.pokemon.com/static-assets/content-assets/cms2/img/pokedex/full/738.png,0738_vikavolt.png,success,canonical-full-asset,
0739,Crabrawler,https://www.pokemon.com/us/pokedex/crabrawler,https://www.pokemon.com/static-assets/content-assets/cms2/img/pokedex/full/739.png,0739_crabrawler.png,success,canonical-full-asset,
0740,Crabominable,https://www.pokemon.com/us/pokedex/crabominable,https://www.pokemon.com/static-assets/content-assets/cms2/img/pokedex/full/740.png,0740_crabominable.png,success,canonical-full-asset,
0741,Oricorio,https://www.pokemon.com/us/pokedex/oricorio,https://www.pokemon.com/static-assets/content-assets/cms2/img/pokedex/full/741.png,0741_oricorio.png,success,canonical-full-asset,
0742,Cutiefly,https://www.pokemon.com/us/pokedex/cutiefly,https://www.pokemon.com/static-assets/content-assets/cms2/img/pokedex/full/742.png,0742_cutiefly.png,success,canonical-full-asset,
0743,Ribombee,https://www.pokemon.com/us/pokedex/ribombee,https://www.pokemon.com/static-assets/content-assets/cms2/img/pokedex/full/743.png,0743_ribombee.png,success,canonical-full-asset,
0744,Rockruff,https://www.pokemon.com/us/pokedex/rockruff,https://www.pokemon.com/static-assets/content-assets/cms2/img/pokedex/full/744.png,0744_rockruff.png,success,canonical-full-asset,
0745,Lycanroc,https://www.pokemon.com/us/pokedex/lycanroc,https://www.pokemon.com/static-assets/content-assets/cms2/img/pokedex/full/745.png,0745_lycanroc.png,success,canonical-full-asset,
0746,Wishiwashi,https://www.pokemon.com/us/pokedex/wishiwashi,https://www.pokemon.com/static-assets/content-assets/cms2/img/pokedex/full/746.png,0746_wishiwashi.png,success,canonical-full-asset,
0747,Mareanie,https://www.pokemon.com/us/pokedex/mareanie,https://www.pokemon.com/static-assets/content-assets/cms2/img/pokedex/full/747.png,0747_mareanie.png,success,canonical-full-asset,
0748,Toxapex,https://www.pokemon.com/us/pokedex/toxapex,https://www.pokemon.com/static-assets/content-assets/cms2/img/pokedex/full/748.png,0748_toxapex.png,success,canonical-full-asset,
0749,Mudbray,https://www.pokemon.com/us/pokedex/mudbray,https://www.pokemon.com/static-assets/content-assets/cms2/img/pokedex/full/749.png,0749_mudbray.png,success,canonical-full-asset,
0750,Mudsdale,https://www.pokemon.com/us/pokedex/mudsdale,https://www.pokemon.com/static-assets/content-assets/cms2/img/pokedex/full/750.png,0750_mudsdale.png,success,canonical-full-asset,
0751,Dewpider,https://www.pokemon.com/us/pokedex/dewpider,https://www.pokemon.com/static-assets/content-assets/cms2/img/pokedex/full/751.png,0751_dewpider.png,success,canonical-full-asset,
0752,Araquanid,https://www.pokemon.com/us/pokedex/araquanid,https://www.pokemon.com/static-assets/content-assets/cms2/img/pokedex/full/752.png,0752_araquanid.png,success,canonical-full-asset,
0753,Fomantis,https://www.pokemon.com/us/pokedex/fomantis,https://www.pokemon.com/static-assets/content-assets/cms2/img/pokedex/full/753.png,0753_fomantis.png,success,canonical-full-asset,
0754,Lurantis,https://www.pokemon.com/us/pokedex/lurantis,https://www.pokemon.com/static-assets/content-assets/cms2/img/pokedex/full/754.png,0754_lurantis.png,success,canonical-full-asset,
0755,Morelull,https://www.pokemon.com/us/pokedex/morelull,https://www.pokemon.com/static-assets/content-assets/cms2/img/pokedex/full/755.png,0755_morelull.png,success,canonical-full-asset,
0756,Shiinotic,https://www.pokemon.com/us/pokedex/shiinotic,https://www.pokemon.com/static-assets/content-assets/cms2/img/pokedex/full/756.png,0756_shiinotic.png,success,canonical-full-asset,
0757,Salandit,https://www.pokemon.com/us/pokedex/salandit,https://www.pokemon.com/static-assets/content-assets/cms2/img/pokedex/full/757.png,0757_salandit.png,success,canonical-full-asset,
0758,Salazzle,https://www.pokemon.com/us/pokedex/salazzle,https://www.pokemon.com/static-assets/content-assets/cms2/img/pokedex/full/758.png,0758_salazzle.png,success,canonical-full-asset,
0759,Stufful,https://www.pokemon.com/us/pokedex/stufful,https://www.pokemon.com/static-assets/content-assets/cms2/img/pokedex/full/759.png,0759_stufful.png,success,canonical-full-asset,
0760,Bewear,https://www.pokemon.com/us/pokedex/bewear,https://www.pokemon.com/static-assets/content-assets/cms2/img/pokedex/full/760.png,0760_bewear.png,success,canonical-full-asset,
0761,Bounsweet,https://www.pokemon.com/us/pokedex/bounsweet,https://www.pokemon.com/static-assets/content-assets/cms2/img/pokedex/full/761.png,0761_bounsweet.png,success,canonical-full-asset,
0762,Steenee,https://www.pokemon.com/us/pokedex/steenee,https://www.pokemon.com/static-assets/content-assets/cms2/img/pokedex/full/762.png,0762_steenee.png,success,canonical-full-asset,
0763,Tsareena,https://www.pokemon.com/us/pokedex/tsareena,https://www.pokemon.com/static-assets/content-assets/cms2/img/pokedex/full/763.png,0763_tsareena.png,success,canonical-full-asset,
0764,Comfey,https://www.pokemon.com/us/pokedex/comfey,https://www.pokemon.com/static-assets/content-assets/cms2/img/pokedex/full/764.png,0764_comfey.png,success,canonical-full-asset,
0765,Oranguru,https://www.pokemon.com/us/pokedex/oranguru,https://www.pokemon.com/static-assets/content-assets/cms2/img/pokedex/full/765.png,0765_oranguru.png,success,canonical-full-asset,
0766,Passimian,https://www.pokemon.com/us/pokedex/passimian,https://www.pokemon.com/static-assets/content-assets/cms2/img/pokedex/full/766.png,0766_passimian.png,success,canonical-full-asset,
0767,Wimpod,https://www.pokemon.com/us/pokedex/wimpod,https://www.pokemon.com/static-assets/content-assets/cms2/img/pokedex/full/767.png,0767_wimpod.png,success,canonical-full-asset,
0768,Golisopod,https://www.pokemon.com/us/pokedex/golisopod,https://www.pokemon.com/static-assets/content-assets/cms2/img/pokedex/full/768.png,0768_golisopod.png,success,canonical-full-asset,
0769,Sandygast,https://www.pokemon.com/us/pokedex/sandygast,https://www.pokemon.com/static-assets/content-assets/cms2/img/pokedex/full/769.png,0769_sandygast.png,success,canonical-full-asset,
0770,Palossand,https://www.pokemon.com/us/pokedex/palossand,https://www.pokemon.com/static-assets/content-assets/cms2/img/pokedex/full/770.png,0770_palossand.png,success,canonical-full-asset,
0771,Pyukumuku,https://www.pokemon.com/us/pokedex/pyukumuku,https://www.pokemon.com/static-assets/content-assets/cms2/img/pokedex/full/771.png,0771_pyukumuku.png,success,canonical-full-asset,
0772,Type Null,https://www.pokemon.com/us/pokedex/type-null,https://www.pokemon.com/static-assets/content-assets/cms2/img/pokedex/full/772.png,0772_type_null.png,success,canonical-full-asset,
0773,Silvally,https://www.pokemon.com/us/pokedex/silvally,https://www.pokemon.com/static-assets/content-assets/cms2/img/pokedex/full/773.png,0773_silvally.png,success,canonical-full-asset,
0774,Minior,https://www.pokemon.com/us/pokedex/minior,https://www.pokemon.com/static-assets/content-assets/cms2/img/pokedex/full/774.png,0774_minior.png,success,canonical-full-asset,
0775,Komala,https://www.pokemon.com/us/pokedex/komala,https://www.pokemon.com/static-assets/content-assets/cms2/img/pokedex/full/775.png,0775_komala.png,success,canonical-full-asset,
0776,Turtonator,https://www.pokemon.com/us/pokedex/turtonator,https://www.pokemon.com/static-assets/content-assets/cms2/img/pokedex/full/776.png,0776_turtonator.png,success,canonical-full-asset,
0777,Togedemaru,https://www.pokemon.com/us/pokedex/togedemaru,https://www.pokemon.com/static-assets/content-assets/cms2/img/pokedex/full/777.png,0777_togedemaru.png,success,canonical-full-asset,
0778,Mimikyu,https://www.pokemon.com/us/pokedex/mimikyu,https://www.pokemon.com/static-assets/content-assets/cms2/img/pokedex/full/778.png,0778_mimikyu.png,success,canonical-full-asset,
0779,Bruxish,https://www.pokemon.com/us/pokedex/bruxish,https://www.pokemon.com/static-assets/content-assets/cms2/img/pokedex/full/779.png,0779_bruxish.png,success,canonical-full-asset,
0780,Drampa,https://www.pokemon.com/us/pokedex/drampa,https://www.pokemon.com/static-assets/content-assets/cms2/img/pokedex/full/780.png,0780_drampa.png,success,canonical-full-asset,
0781,Dhelmise,https://www.pokemon.com/us/pokedex/dhelmise,https://www.pokemon.com/static-assets/content-assets/cms2/img/pokedex/full/781.png,0781_dhelmise.png,success,canonical-full-asset,
0782,Jangmo O,https://www.pokemon.com/us/pokedex/jangmo-o,https://www.pokemon.com/static-assets/content-assets/cms2/img/pokedex/full/782.png,0782_jangmo_o.png,success,canonical-full-asset,
0783,Hakamo O,https://www.pokemon.com/us/pokedex/hakamo-o,https://www.pokemon.com/static-assets/content-assets/cms2/img/pokedex/full/783.png,0783_hakamo_o.png,success,canonical-full-asset,
0784,Kommo O,https://www.pokemon.com/us/pokedex/kommo-o,https://www.pokemon.com/static-assets/content-assets/cms2/img/pokedex/full/784.png,0784_kommo_o.png,success,canonical-full-asset,
0785,Tapu Koko,https://www.pokemon.com/us/pokedex/tapu-koko,https://www.pokemon.com/static-assets/content-assets/cms2/img/pokedex/full/785.png,0785_tapu_koko.png,success,canonical-full-asset,
0786,Tapu Lele,https://www.pokemon.com/us/pokedex/tapu-lele,https://www.pokemon.com/static-assets/content-assets/cms2/img/pokedex/full/786.png,0786_tapu_lele.png,success,canonical-full-asset,
0787,Tapu Bulu,https://www.pokemon.com/us/pokedex/tapu-bulu,https://www.pokemon.com/static-assets/content-assets/cms2/img/pokedex/full/787.png,0787_tapu_bulu.png,success,canonical-full-asset,
0788,Tapu Fini,https://www.pokemon.com/us/pokedex/tapu-fini,https://www.pokemon.com/static-assets/content-assets/cms2/img/pokedex/full/788.png,0788_tapu_fini.png,success,canonical-full-asset,
0789,Cosmog,https://www.pokemon.com/us/pokedex/cosmog,https://www.pokemon.com/static-assets/content-assets/cms2/img/pokedex/full/789.png,0789_cosmog.png,success,canonical-full-asset,
0790,Cosmoem,https://www.pokemon.com/us/pokedex/cosmoem,https://www.pokemon.com/static-assets/content-assets/cms2/img/pokedex/full/790.png,0790_cosmoem.png,success,canonical-full-asset,
0791,Solgaleo,https://www.pokemon.com/us/pokedex/solgaleo,https://www.pokemon.com/static-assets/content-assets/cms2/img/pokedex/full/791.png,0791_solgaleo.png,success,canonical-full-asset,
0792,Lunala,https://www.pokemon.com/us/pokedex/lunala,https://www.pokemon.com/static-assets/content-assets/cms2/img/pokedex/full/792.png,0792_lunala.png,success,canonical-full-asset,
0793,Nihilego,https://www.pokemon.com/us/pokedex/nihilego,https://www.pokemon.com/static-assets/content-assets/cms2/img/pokedex/full/793.png,0793_nihilego.png,success,canonical-full-asset,
0794,Buzzwole,https://www.pokemon.com/us/pokedex/buzzwole,https://www.pokemon.com/static-assets/content-assets/cms2/img/pokedex/full/794.png,0794_buzzwole.png,success,canonical-full-asset,
0795,Pheromosa,https://www.pokemon.com/us/pokedex/pheromosa,https://www.pokemon.com/static-assets/content-assets/cms2/img/pokedex/full/795.png,0795_pheromosa.png,success,canonical-full-asset,
0796,Xurkitree,https://www.pokemon.com/us/pokedex/xurkitree,https://www.pokemon.com/static-assets/content-assets/cms2/img/pokedex/full/796.png,0796_xurkitree.png,success,canonical-full-asset,
0797,Celesteela,https://www.pokemon.com/us/pokedex/celesteela,https://www.pokemon.com/static-assets/content-assets/cms2/img/pokedex/full/797.png,0797_celesteela.png,success,canonical-full-asset,
0798,Kartana,https://www.pokemon.com/us/pokedex/kartana,https://www.pokemon.com/static-assets/content-assets/cms2/img/pokedex/full/798.png,0798_kartana.png,success,canonical-full-asset,
0799,Guzzlord,https://www.pokemon.com/us/pokedex/guzzlord,https://www.pokemon.com/static-assets/content-assets/cms2/img/pokedex/full/799.png,0799_guzzlord.png,success,canonical-full-asset,
0800,Necrozma,https://www.pokemon.com/us/pokedex/necrozma,https://www.pokemon.com/static-assets/content-assets/cms2/img/pokedex/full/800.png,0800_necrozma.png,success,canonical-full-asset,
0801,Magearna,https://www.pokemon.com/us/pokedex/magearna,https://www.pokemon.com/static-assets/content-assets/cms2/img/pokedex/full/801.png,0801_magearna.png,success,canonical-full-asset,
0802,Marshadow,https://www.pokemon.com/us/pokedex/marshadow,https://www.pokemon.com/static-assets/content-assets/cms2/img/pokedex/full/802.png,0802_marshadow.png,success,canonical-full-asset,
0803,Poipole,https://www.pokemon.com/us/pokedex/poipole,https://www.pokemon.com/static-assets/content-assets/cms2/img/pokedex/full/803.png,0803_poipole.png,success,canonical-full-asset,
0804,Naganadel,https://www.pokemon.com/us/pokedex/naganadel,https://www.pokemon.com/static-assets/content-assets/cms2/img/pokedex/full/804.png,0804_naganadel.png,success,canonical-full-asset,
0805,Stakataka,https://www.pokemon.com/us/pokedex/stakataka,https://www.pokemon.com/static-assets/content-assets/cms2/img/pokedex/full/805.png,0805_stakataka.png,success,canonical-full-asset,
0806,Blacephalon,https://www.pokemon.com/us/pokedex/blacephalon,https://www.pokemon.com/static-assets/content-assets/cms2/img/pokedex/full/806.png,0806_blacephalon.png,success,canonical-full-asset,
0807,Zeraora,https://www.pokemon.com/us/pokedex/zeraora,https://www.pokemon.com/static-assets/content-assets/cms2/img/pokedex/full/807.png,0807_zeraora.png,success,canonical-full-asset,
0808,Meltan,https://www.pokemon.com/us/pokedex/meltan,https://www.pokemon.com/static-assets/content-assets/cms2/img/pokedex/full/808.png,0808_meltan.png,success,canonical-full-asset,
0809,Melmetal,https://www.pokemon.com/us/pokedex/melmetal,https://www.pokemon.com/static-assets/content-assets/cms2/img/pokedex/full/809.png,0809_melmetal.png,success,canonical-full-asset,
0810,Grookey,https://www.pokemon.com/us/pokedex/grookey,https://www.pokemon.com/static-assets/content-assets/cms2/img/pokedex/full/810.png,0810_grookey.png,success,canonical-full-asset,
0811,Thwackey,https://www.pokemon.com/us/pokedex/thwackey,https://www.pokemon.com/static-assets/content-assets/cms2/img/pokedex/full/811.png,0811_thwackey.png,success,canonical-full-asset,
0812,Rillaboom,https://www.pokemon.com/us/pokedex/rillaboom,https://www.pokemon.com/static-assets/content-assets/cms2/img/pokedex/full/812.png,0812_rillaboom.png,success,canonical-full-asset,
0813,Scorbunny,https://www.pokemon.com/us/pokedex/scorbunny,https://www.pokemon.com/static-assets/content-assets/cms2/img/pokedex/full/813.png,0813_scorbunny.png,success,canonical-full-asset,
0814,Raboot,https://www.pokemon.com/us/pokedex/raboot,https://www.pokemon.com/static-assets/content-assets/cms2/img/pokedex/full/814.png,0814_raboot.png,success,canonical-full-asset,
0815,Cinderace,https://www.pokemon.com/us/pokedex/cinderace,https://www.pokemon.com/static-assets/content-assets/cms2/img/pokedex/full/815.png,0815_cinderace.png,success,canonical-full-asset,
0816,Sobble,https://www.pokemon.com/us/pokedex/sobble,https://www.pokemon.com/static-assets/content-assets/cms2/img/pokedex/full/816.png,0816_sobble.png,success,canonical-full-asset,
0817,Drizzile,https://www.pokemon.com/us/pokedex/drizzile,https://www.pokemon.com/static-assets/content-assets/cms2/img/pokedex/full/817.png,0817_drizzile.png,success,canonical-full-asset,
0818,Inteleon,https://www.pokemon.com/us/pokedex/inteleon,https://www.pokemon.com/static-assets/content-assets/cms2/img/pokedex/full/818.png,0818_inteleon.png,success,canonical-full-asset,
0819,Skwovet,https://www.pokemon.com/us/pokedex/skwovet,https://www.pokemon.com/static-assets/content-assets/cms2/img/pokedex/full/819.png,0819_skwovet.png,success,canonical-full-asset,
0820,Greedent,https://www.pokemon.com/us/pokedex/greedent,https://www.pokemon.com/static-assets/content-assets/cms2/img/pokedex/full/820.png,0820_greedent.png,success,canonical-full-asset,
0821,Rookidee,https://www.pokemon.com/us/pokedex/rookidee,https://www.pokemon.com/static-assets/content-assets/cms2/img/pokedex/full/821.png,0821_rookidee.png,success,canonical-full-asset,
0822,Corvisquire,https://www.pokemon.com/us/pokedex/corvisquire,https://www.pokemon.com/static-assets/content-assets/cms2/img/pokedex/full/822.png,0822_corvisquire.png,success,canonical-full-asset,
0823,Corviknight,https://www.pokemon.com/us/pokedex/corviknight,https://www.pokemon.com/static-assets/content-assets/cms2/img/pokedex/full/823.png,0823_corviknight.png,success,canonical-full-asset,
0824,Blipbug,https://www.pokemon.com/us/pokedex/blipbug,https://www.pokemon.com/static-assets/content-assets/cms2/img/pokedex/full/824.png,0824_blipbug.png,success,canonical-full-asset,
0825,Dottler,https://www.pokemon.com/us/pokedex/dottler,https://www.pokemon.com/static-assets/content-assets/cms2/img/pokedex/full/825.png,0825_dottler.png,success,canonical-full-asset,
0826,Orbeetle,https://www.pokemon.com/us/pokedex/orbeetle,https://www.pokemon.com/static-assets/content-assets/cms2/img/pokedex/full/826.png,0826_orbeetle.png,success,canonical-full-asset,
0827,Nickit,https://www.pokemon.com/us/pokedex/nickit,https://www.pokemon.com/static-assets/content-assets/cms2/img/pokedex/full/827.png,0827_nickit.png,success,canonical-full-asset,
0828,Thievul,https://www.pokemon.com/us/pokedex/thievul,https://www.pokemon.com/static-assets/content-assets/cms2/img/pokedex/full/828.png,0828_thievul.png,success,canonical-full-asset,
0829,Gossifleur,https://www.pokemon.com/us/pokedex/gossifleur,https://www.pokemon.com/static-assets/content-assets/cms2/img/pokedex/full/829.png,0829_gossifleur.png,success,canonical-full-asset,
0830,Eldegoss,https://www.pokemon.com/us/pokedex/eldegoss,https://www.pokemon.com/static-assets/content-assets/cms2/img/pokedex/full/830.png,0830_eldegoss.png,success,canonical-full-asset,
0831,Wooloo,https://www.pokemon.com/us/pokedex/wooloo,https://www.pokemon.com/static-assets/content-assets/cms2/img/pokedex/full/831.png,0831_wooloo.png,success,canonical-full-asset,
0832,Dubwool,https://www.pokemon.com/us/pokedex/dubwool,https://www.pokemon.com/static-assets/content-assets/cms2/img/pokedex/full/832.png,0832_dubwool.png,success,canonical-full-asset,
0833,Chewtle,https://www.pokemon.com/us/pokedex/chewtle,https://www.pokemon.com/static-assets/content-assets/cms2/img/pokedex/full/833.png,0833_chewtle.png,success,canonical-full-asset,
0834,Drednaw,https://www.pokemon.com/us/pokedex/drednaw,https://www.pokemon.com/static-assets/content-assets/cms2/img/pokedex/full/834.png,0834_drednaw.png,success,canonical-full-asset,
0835,Yamper,https://www.pokemon.com/us/pokedex/yamper,https://www.pokemon.com/static-assets/content-assets/cms2/img/pokedex/full/835.png,0835_yamper.png,success,canonical-full-asset,
0836,Boltund,https://www.pokemon.com/us/pokedex/boltund,https://www.pokemon.com/static-assets/content-assets/cms2/img/pokedex/full/836.png,0836_boltund.png,success,canonical-full-asset,
0837,Rolycoly,https://www.pokemon.com/us/pokedex/rolycoly,https://www.pokemon.com/static-assets/content-assets/cms2/img/pokedex/full/837.png,0837_rolycoly.png,success,canonical-full-asset,
0838,Carkol,https://www.pokemon.com/us/pokedex/carkol,https://www.pokemon.com/static-assets/content-assets/cms2/img/pokedex/full/838.png,0838_carkol.png,success,canonical-full-asset,
0839,Coalossal,https://www.pokemon.com/us/pokedex/coalossal,https://www.pokemon.com/static-assets/content-assets/cms2/img/pokedex/full/839.png,0839_coalossal.png,success,canonical-full-asset,
0840,Applin,https://www.pokemon.com/us/pokedex/applin,https://www.pokemon.com/static-assets/content-assets/cms2/img/pokedex/full/840.png,0840_applin.png,success,canonical-full-asset,
0841,Flapple,https://www.pokemon.com/us/pokedex/flapple,https://www.pokemon.com/static-assets/content-assets/cms2/img/pokedex/full/841.png,0841_flapple.png,success,canonical-full-asset,
0842,Appletun,https://www.pokemon.com/us/pokedex/appletun,https://www.pokemon.com/static-assets/content-assets/cms2/img/pokedex/full/842.png,0842_appletun.png,success,canonical-full-asset,
0843,Silicobra,https://www.pokemon.com/us/pokedex/silicobra,https://www.pokemon.com/static-assets/content-assets/cms2/img/pokedex/full/843.png,0843_silicobra.png,success,canonical-full-asset,
0844,Sandaconda,https://www.pokemon.com/us/pokedex/sandaconda,https://www.pokemon.com/static-assets/content-assets/cms2/img/pokedex/full/844.png,0844_sandaconda.png,success,canonical-full-asset,
0845,Cramorant,https://www.pokemon.com/us/pokedex/cramorant,https://www.pokemon.com/static-assets/content-assets/cms2/img/pokedex/full/845.png,0845_cramorant.png,success,canonical-full-asset,
0846,Arrokuda,https://www.pokemon.com/us/pokedex/arrokuda,https://www.pokemon.com/static-assets/content-assets/cms2/img/pokedex/full/846.png,0846_arrokuda.png,success,canonical-full-asset,
0847,Barraskewda,https://www.pokemon.com/us/pokedex/barraskewda,https://www.pokemon.com/static-assets/content-assets/cms2/img/pokedex/full/847.png,0847_barraskewda.png,success,canonical-full-asset,
0848,Toxel,https://www.pokemon.com/us/pokedex/toxel,https://www.pokemon.com/static-assets/content-assets/cms2/img/pokedex/full/848.png,0848_toxel.png,success,canonical-full-asset,
0849,Toxtricity,https://www.pokemon.com/us/pokedex/toxtricity,https://www.pokemon.com/static-assets/content-assets/cms2/img/pokedex/full/849.png,0849_toxtricity.png,success,canonical-full-asset,
0850,Sizzlipede,https://www.pokemon.com/us/pokedex/sizzlipede,https://www.pokemon.com/static-assets/content-assets/cms2/img/pokedex/full/850.png,0850_sizzlipede.png,success,canonical-full-asset,
0851,Centiskorch,https://www.pokemon.com/us/pokedex/centiskorch,https://www.pokemon.com/static-assets/content-assets/cms2/img/pokedex/full/851.png,0851_centiskorch.png,success,canonical-full-asset,
0852,Clobbopus,https://www.pokemon.com/us/pokedex/clobbopus,https://www.pokemon.com/static-assets/content-assets/cms2/img/pokedex/full/852.png,0852_clobbopus.png,success,canonical-full-asset,
0853,Grapploct,https://www.pokemon.com/us/pokedex/grapploct,https://www.pokemon.com/static-assets/content-assets/cms2/img/pokedex/full/853.png,0853_grapploct.png,success,canonical-full-asset,
0854,Sinistea,https://www.pokemon.com/us/pokedex/sinistea,https://www.pokemon.com/static-assets/content-assets/cms2/img/pokedex/full/854.png,0854_sinistea.png,success,canonical-full-asset,
0855,Polteageist,https://www.pokemon.com/us/pokedex/polteageist,https://www.pokemon.com/static-assets/content-assets/cms2/img/pokedex/full/855.png,0855_polteageist.png,success,canonical-full-asset,
0856,Hatenna,https://www.pokemon.com/us/pokedex/hatenna,https://www.pokemon.com/static-assets/content-assets/cms2/img/pokedex/full/856.png,0856_hatenna.png,success,canonical-full-asset,
0857,Hattrem,https://www.pokemon.com/us/pokedex/hattrem,https://www.pokemon.com/static-assets/content-assets/cms2/img/pokedex/full/857.png,0857_hattrem.png,success,canonical-full-asset,
0858,Hatterene,https://www.pokemon.com/us/pokedex/hatterene,https://www.pokemon.com/static-assets/content-assets/cms2/img/pokedex/full/858.png,0858_hatterene.png,success,canonical-full-asset,
0859,Impidimp,https://www.pokemon.com/us/pokedex/impidimp,https://www.pokemon.com/static-assets/content-assets/cms2/img/pokedex/full/859.png,0859_impidimp.png,success,canonical-full-asset,
0860,Morgrem,https://www.pokemon.com/us/pokedex/morgrem,https://www.pokemon.com/static-assets/content-assets/cms2/img/pokedex/full/860.png,0860_morgrem.png,success,canonical-full-asset,
0861,Grimmsnarl,https://www.pokemon.com/us/pokedex/grimmsnarl,https://www.pokemon.com/static-assets/content-assets/cms2/img/pokedex/full/861.png,0861_grimmsnarl.png,success,canonical-full-asset,
0862,Obstagoon,https://www.pokemon.com/us/pokedex/obstagoon,https://www.pokemon.com/static-assets/content-assets/cms2/img/pokedex/full/862.png,0862_obstagoon.png,success,canonical-full-asset,
0863,Perrserker,https://www.pokemon.com/us/pokedex/perrserker,https://www.pokemon.com/static-assets/content-assets/cms2/img/pokedex/full/863.png,0863_perrserker.png,success,canonical-full-asset,
0864,Cursola,https://www.pokemon.com/us/pokedex/cursola,https://www.pokemon.com/static-assets/content-assets/cms2/img/pokedex/full/864.png,0864_cursola.png,success,canonical-full-asset,
0865,Sirfetchd,https://www.pokemon.com/us/pokedex/sirfetchd,https://www.pokemon.com/static-assets/content-assets/cms2/img/pokedex/full/865.png,0865_sirfetchd.png,success,canonical-full-asset,
0866,Mr Rime,https://www.pokemon.com/us/pokedex/mr-rime,https://www.pokemon.com/static-assets/content-assets/cms2/img/pokedex/full/866.png,0866_mr_rime.png,success,canonical-full-asset,
0867,Runerigus,https://www.pokemon.com/us/pokedex/runerigus,https://www.pokemon.com/static-assets/content-assets/cms2/img/pokedex/full/867.png,0867_runerigus.png,success,canonical-full-asset,
0868,Milcery,https://www.pokemon.com/us/pokedex/milcery,https://www.pokemon.com/static-assets/content-assets/cms2/img/pokedex/full/868.png,0868_milcery.png,success,canonical-full-asset,
0869,Alcremie,https://www.pokemon.com/us/pokedex/alcremie,https://www.pokemon.com/static-assets/content-assets/cms2/img/pokedex/full/869.png,0869_alcremie.png,success,canonical-full-asset,
0870,Falinks,https://www.pokemon.com/us/pokedex/falinks,https://www.pokemon.com/static-assets/content-assets/cms2/img/pokedex/full/870.png,0870_falinks.png,success,canonical-full-asset,
0871,Pincurchin,https://www.pokemon.com/us/pokedex/pincurchin,https://www.pokemon.com/static-assets/content-assets/cms2/img/pokedex/full/871.png,0871_pincurchin.png,success,canonical-full-asset,
0872,Snom,https://www.pokemon.com/us/pokedex/snom,https://www.pokemon.com/static-assets/content-assets/cms2/img/pokedex/full/872.png,0872_snom.png,success,canonical-full-asset,
0873,Frosmoth,https://www.pokemon.com/us/pokedex/frosmoth,https://www.pokemon.com/static-assets/content-assets/cms2/img/pokedex/full/873.png,0873_frosmoth.png,success,canonical-full-asset,
0874,Stonjourner,https://www.pokemon.com/us/pokedex/stonjourner,https://www.pokemon.com/static-assets/content-assets/cms2/img/pokedex/full/874.png,0874_stonjourner.png,success,canonical-full-asset,
0875,Eiscue,https://www.pokemon.com/us/pokedex/eiscue,https://www.pokemon.com/static-assets/content-assets/cms2/img/pokedex/full/875.png,0875_eiscue.png,success,canonical-full-asset,
0876,Indeedee,https://www.pokemon.com/us/pokedex/indeedee,https://www.pokemon.com/static-assets/content-assets/cms2/img/pokedex/full/876.png,0876_indeedee.png,success,canonical-full-asset,
0877,Morpeko,https://www.pokemon.com/us/pokedex/morpeko,https://www.pokemon.com/static-assets/content-assets/cms2/img/pokedex/full/877.png,0877_morpeko.png,success,canonical-full-asset,
0878,Cufant,https://www.pokemon.com/us/pokedex/cufant,https://www.pokemon.com/static-assets/content-assets/cms2/img/pokedex/full/878.png,0878_cufant.png,success,canonical-full-asset,
0879,Copperajah,https://www.pokemon.com/us/pokedex/copperajah,https://www.pokemon.com/static-assets/content-assets/cms2/img/pokedex/full/879.png,0879_copperajah.png,success,canonical-full-asset,
0880,Dracozolt,https://www.pokemon.com/us/pokedex/dracozolt,https://www.pokemon.com/static-assets/content-assets/cms2/img/pokedex/full/880.png,0880_dracozolt.png,success,canonical-full-asset,
0881,Arctozolt,https://www.pokemon.com/us/pokedex/arctozolt,https://www.pokemon.com/static-assets/content-assets/cms2/img/pokedex/full/881.png,0881_arctozolt.png,success,canonical-full-asset,
0882,Dracovish,https://www.pokemon.com/us/pokedex/dracovish,https://www.pokemon.com/static-assets/content-assets/cms2/img/pokedex/full/882.png,0882_dracovish.png,success,canonical-full-asset,
0883,Arctovish,https://www.pokemon.com/us/pokedex/arctovish,https://www.pokemon.com/static-assets/content-assets/cms2/img/pokedex/full/883.png,0883_arctovish.png,success,canonical-full-asset,
0884,Duraludon,https://www.pokemon.com/us/pokedex/duraludon,https://www.pokemon.com/static-assets/content-assets/cms2/img/pokedex/full/884.png,0884_duraludon.png,success,canonical-full-asset,
0885,Dreepy,https://www.pokemon.com/us/pokedex/dreepy,https://www.pokemon.com/static-assets/content-assets/cms2/img/pokedex/full/885.png,0885_dreepy.png,success,canonical-full-asset,
0886,Drakloak,https://www.pokemon.com/us/pokedex/drakloak,https://www.pokemon.com/static-assets/content-assets/cms2/img/pokedex/full/886.png,0886_drakloak.png,success,canonical-full-asset,
0887,Dragapult,https://www.pokemon.com/us/pokedex/dragapult,https://www.pokemon.com/static-assets/content-assets/cms2/img/pokedex/full/887.png,0887_dragapult.png,success,canonical-full-asset,
0888,Zacian,https://www.pokemon.com/us/pokedex/zacian,https://www.pokemon.com/static-assets/content-assets/cms2/img/pokedex/full/888.png,0888_zacian.png,success,canonical-full-asset,
0889,Zamazenta,https://www.pokemon.com/us/pokedex/zamazenta,https://www.pokemon.com/static-assets/content-assets/cms2/img/pokedex/full/889.png,0889_zamazenta.png,success,canonical-full-asset,
0890,Eternatus,https://www.pokemon.com/us/pokedex/eternatus,https://www.pokemon.com/static-assets/content-assets/cms2/img/pokedex/full/890.png,0890_eternatus.png,success,canonical-full-asset,
0891,Kubfu,https://www.pokemon.com/us/pokedex/kubfu,https://www.pokemon.com/static-assets/content-assets/cms2/img/pokedex/full/891.png,0891_kubfu.png,success,canonical-full-asset,
0892,Urshifu,https://www.pokemon.com/us/pokedex/urshifu,https://www.pokemon.com/static-assets/content-assets/cms2/img/pokedex/full/892.png,0892_urshifu.png,success,canonical-full-asset,
0893,Zarude,https://www.pokemon.com/us/pokedex/zarude,https://www.pokemon.com/static-assets/content-assets/cms2/img/pokedex/full/893.png,0893_zarude.png,success,canonical-full-asset,
0894,Regieleki,https://www.pokemon.com/us/pokedex/regieleki,https://www.pokemon.com/static-assets/content-assets/cms2/img/pokedex/full/894.png,0894_regieleki.png,success,canonical-full-asset,
0895,Regidrago,https://www.pokemon.com/us/pokedex/regidrago,https://www.pokemon.com/static-assets/content-assets/cms2/img/pokedex/full/895.png,0895_regidrago.png,success,canonical-full-asset,
0896,Glastrier,https://www.pokemon.com/us/pokedex/glastrier,https://www.pokemon.com/static-assets/content-assets/cms2/img/pokedex/full/896.png,0896_glastrier.png,success,canonical-full-asset,
0897,Spectrier,https://www.pokemon.com/us/pokedex/spectrier,https://www.pokemon.com/static-assets/content-assets/cms2/img/pokedex/full/897.png,0897_spectrier.png,success,canonical-full-asset,
0898,Calyrex,https://www.pokemon.com/us/pokedex/calyrex,https://www.pokemon.com/static-assets/content-assets/cms2/img/pokedex/full/898.png,0898_calyrex.png,success,canonical-full-asset,
0899,Wyrdeer,https://www.pokemon.com/us/pokedex/wyrdeer,https://www.pokemon.com/static-assets/content-assets/cms2/img/pokedex/full/899.png,0899_wyrdeer.png,success,canonical-full-asset,
0900,Kleavor,https://www.pokemon.com/us/pokedex/kleavor,https://www.pokemon.com/static-assets/content-assets/cms2/img/pokedex/full/900.png,0900_kleavor.png,success,canonical-full-asset,
0901,Ursaluna,https://www.pokemon.com/us/pokedex/ursaluna,https://www.pokemon.com/static-assets/content-assets/cms2/img/pokedex/full/901.png,0901_ursaluna.png,success,canonical-full-asset,
0902,Basculegion,https://www.pokemon.com/us/pokedex/basculegion,https://www.pokemon.com/static-assets/content-assets/cms2/img/pokedex/full/902.png,0902_basculegion.png,success,canonical-full-asset,
0903,Sneasler,https://www.pokemon.com/us/pokedex/sneasler,https://www.pokemon.com/static-assets/content-assets/cms2/img/pokedex/full/903.png,0903_sneasler.png,success,canonical-full-asset,
0904,Overqwil,https://www.pokemon.com/us/pokedex/overqwil,https://www.pokemon.com/static-assets/content-assets/cms2/img/pokedex/full/904.png,0904_overqwil.png,success,canonical-full-asset,
0905,Enamorus,https://www.pokemon.com/us/pokedex/enamorus,https://www.pokemon.com/static-assets/content-assets/cms2/img/pokedex/full/905.png,0905_enamorus.png,success,canonical-full-asset,
0906,Sprigatito,https://www.pokemon.com/us/pokedex/sprigatito,https://www.pokemon.com/static-assets/content-assets/cms2/img/pokedex/full/906.png,0906_sprigatito.png,success,canonical-full-asset,
0907,Floragato,https://www.pokemon.com/us/pokedex/floragato,https://www.pokemon.com/static-assets/content-assets/cms2/img/pokedex/full/907.png,0907_floragato.png,success,canonical-full-asset,
0908,Meowscarada,https://www.pokemon.com/us/pokedex/meowscarada,https://www.pokemon.com/static-assets/content-assets/cms2/img/pokedex/full/908.png,0908_meowscarada.png,success,canonical-full-asset,
0909,Fuecoco,https://www.pokemon.com/us/pokedex/fuecoco,https://www.pokemon.com/static-assets/content-assets/cms2/img/pokedex/full/909.png,0909_fuecoco.png,success,canonical-full-asset,
0910,Crocalor,https://www.pokemon.com/us/pokedex/crocalor,https://www.pokemon.com/static-assets/content-assets/cms2/img/pokedex/full/910.png,0910_crocalor.png,success,canonical-full-asset,
0911,Skeledirge,https://www.pokemon.com/us/pokedex/skeledirge,https://www.pokemon.com/static-assets/content-assets/cms2/img/pokedex/full/911.png,0911_skeledirge.png,success,canonical-full-asset,
0912,Quaxly,https://www.pokemon.com/us/pokedex/quaxly,https://www.pokemon.com/static-assets/content-assets/cms2/img/pokedex/full/912.png,0912_quaxly.png,success,canonical-full-asset,
0913,Quaxwell,https://www.pokemon.com/us/pokedex/quaxwell,https://www.pokemon.com/static-assets/content-assets/cms2/img/pokedex/full/913.png,0913_quaxwell.png,success,canonical-full-asset,
0914,Quaquaval,https://www.pokemon.com/us/pokedex/quaquaval,https://www.pokemon.com/static-assets/content-assets/cms2/img/pokedex/full/914.png,0914_quaquaval.png,success,canonical-full-asset,
0915,Lechonk,https://www.pokemon.com/us/pokedex/lechonk,https://www.pokemon.com/static-assets/content-assets/cms2/img/pokedex/full/915.png,0915_lechonk.png,success,canonical-full-asset,
0916,Oinkologne,https://www.pokemon.com/us/pokedex/oinkologne,https://www.pokemon.com/static-assets/content-assets/cms2/img/pokedex/full/916.png,0916_oinkologne.png,success,canonical-full-asset,
0917,Tarountula,https://www.pokemon.com/us/pokedex/tarountula,https://www.pokemon.com/static-assets/content-assets/cms2/img/pokedex/full/917.png,0917_tarountula.png,success,canonical-full-asset,
0918,Spidops,https://www.pokemon.com/us/pokedex/spidops,https://www.pokemon.com/static-assets/content-assets/cms2/img/pokedex/full/918.png,0918_spidops.png,success,canonical-full-asset,
0919,Nymble,https://www.pokemon.com/us/pokedex/nymble,https://www.pokemon.com/static-assets/content-assets/cms2/img/pokedex/full/919.png,0919_nymble.png,success,canonical-full-asset,
0920,Lokix,https://www.pokemon.com/us/pokedex/lokix,https://www.pokemon.com/static-assets/content-assets/cms2/img/pokedex/full/920.png,0920_lokix.png,success,canonical-full-asset,
0921,Pawmi,https://www.pokemon.com/us/pokedex/pawmi,https://www.pokemon.com/static-assets/content-assets/cms2/img/pokedex/full/921.png,0921_pawmi.png,success,canonical-full-asset,
0922,Pawmo,https://www.pokemon.com/us/pokedex/pawmo,https://www.pokemon.com/static-assets/content-assets/cms2/img/pokedex/full/922.png,0922_pawmo.png,success,canonical-full-asset,
0923,Pawmot,https://www.pokemon.com/us/pokedex/pawmot,https://www.pokemon.com/static-assets/content-assets/cms2/img/pokedex/full/923.png,0923_pawmot.png,success,canonical-full-asset,
0924,Tandemaus,https://www.pokemon.com/us/pokedex/tandemaus,https://www.pokemon.com/static-assets/content-assets/cms2/img/pokedex/full/924.png,0924_tandemaus.png,success,canonical-full-asset,
0925,Maushold,https://www.pokemon.com/us/pokedex/maushold,https://www.pokemon.com/static-assets/content-assets/cms2/img/pokedex/full/925.png,0925_maushold.png,success,canonical-full-asset,
0926,Fidough,https://www.pokemon.com/us/pokedex/fidough,https://www.pokemon.com/static-assets/content-assets/cms2/img/pokedex/full/926.png,0926_fidough.png,success,canonical-full-asset,
0927,Dachsbun,https://www.pokemon.com/us/pokedex/dachsbun,https://www.pokemon.com/static-assets/content-assets/cms2/img/pokedex/full/927.png,0927_dachsbun.png,success,canonical-full-asset,
0928,Smoliv,https://www.pokemon.com/us/pokedex/smoliv,https://www.pokemon.com/static-assets/content-assets/cms2/img/pokedex/full/928.png,0928_smoliv.png,success,canonical-full-asset,
0929,Dolliv,https://www.pokemon.com/us/pokedex/dolliv,https://www.pokemon.com/static-assets/content-assets/cms2/img/pokedex/full/929.png,0929_dolliv.png,success,canonical-full-asset,
0930,Arboliva,https://www.pokemon.com/us/pokedex/arboliva,https://www.pokemon.com/static-assets/content-assets/cms2/img/pokedex/full/930.png,0930_arboliva.png,success,canonical-full-asset,
0931,Squawkabilly,https://www.pokemon.com/us/pokedex/squawkabilly,https://www.pokemon.com/static-assets/content-assets/cms2/img/pokedex/full/931.png,0931_squawkabilly.png,success,canonical-full-asset,
0932,Nacli,https://www.pokemon.com/us/pokedex/nacli,https://www.pokemon.com/static-assets/content-assets/cms2/img/pokedex/full/932.png,0932_nacli.png,success,canonical-full-asset,
0933,Naclstack,https://www.pokemon.com/us/pokedex/naclstack,https://www.pokemon.com/static-assets/content-assets/cms2/img/pokedex/full/933.png,0933_naclstack.png,success,canonical-full-asset,
0934,Garganacl,https://www.pokemon.com/us/pokedex/garganacl,https://www.pokemon.com/static-assets/content-assets/cms2/img/pokedex/full/934.png,0934_garganacl.png,success,canonical-full-asset,
0935,Charcadet,https://www.pokemon.com/us/pokedex/charcadet,https://www.pokemon.com/static-assets/content-assets/cms2/img/pokedex/full/935.png,0935_charcadet.png,success,canonical-full-asset,
0936,Armarouge,https://www.pokemon.com/us/pokedex/armarouge,https://www.pokemon.com/static-assets/content-assets/cms2/img/pokedex/full/936.png,0936_armarouge.png,success,canonical-full-asset,
0937,Ceruledge,https://www.pokemon.com/us/pokedex/ceruledge,https://www.pokemon.com/static-assets/content-assets/cms2/img/pokedex/full/937.png,0937_ceruledge.png,success,canonical-full-asset,
0938,Tadbulb,https://www.pokemon.com/us/pokedex/tadbulb,https://www.pokemon.com/static-assets/content-assets/cms2/img/pokedex/full/938.png,0938_tadbulb.png,success,canonical-full-asset,
0939,Bellibolt,https://www.pokemon.com/us/pokedex/bellibolt,https://www.pokemon.com/static-assets/content-assets/cms2/img/pokedex/full/939.png,0939_bellibolt.png,success,canonical-full-asset,
0940,Wattrel,https://www.pokemon.com/us/pokedex/wattrel,https://www.pokemon.com/static-assets/content-assets/cms2/img/pokedex/full/940.png,0940_wattrel.png,success,canonical-full-asset,
0941,Kilowattrel,https://www.pokemon.com/us/pokedex/kilowattrel,https://www.pokemon.com/static-assets/content-assets/cms2/img/pokedex/full/941.png,0941_kilowattrel.png,success,canonical-full-asset,
0942,Maschiff,https://www.pokemon.com/us/pokedex/maschiff,https://www.pokemon.com/static-assets/content-assets/cms2/img/pokedex/full/942.png,0942_maschiff.png,success,canonical-full-asset,
0943,Mabosstiff,https://www.pokemon.com/us/pokedex/mabosstiff,https://www.pokemon.com/static-assets/content-assets/cms2/img/pokedex/full/943.png,0943_mabosstiff.png,success,canonical-full-asset,
0944,Shroodle,https://www.pokemon.com/us/pokedex/shroodle,https://www.pokemon.com/static-assets/content-assets/cms2/img/pokedex/full/944.png,0944_shroodle.png,success,canonical-full-asset,
0945,Grafaiai,https://www.pokemon.com/us/pokedex/grafaiai,https://www.pokemon.com/static-assets/content-assets/cms2/img/pokedex/full/945.png,0945_grafaiai.png,success,canonical-full-asset,
0946,Bramblin,https://www.pokemon.com/us/pokedex/bramblin,https://www.pokemon.com/static-assets/content-assets/cms2/img/pokedex/full/946.png,0946_bramblin.png,success,canonical-full-asset,
0947,Brambleghast,https://www.pokemon.com/us/pokedex/brambleghast,https://www.pokemon.com/static-assets/content-assets/cms2/img/pokedex/full/947.png,0947_brambleghast.png,success,canonical-full-asset,
0948,Toedscool,https://www.pokemon.com/us/pokedex/toedscool,https://www.pokemon.com/static-assets/content-assets/cms2/img/pokedex/full/948.png,0948_toedscool.png,success,canonical-full-asset,
0949,Toedscruel,https://www.pokemon.com/us/pokedex/toedscruel,https://www.pokemon.com/static-assets/content-assets/cms2/img/pokedex/full/949.png,0949_toedscruel.png,success,canonical-full-asset,
0950,Klawf,https://www.pokemon.com/us/pokedex/klawf,https://www.pokemon.com/static-assets/content-assets/cms2/img/pokedex/full/950.png,0950_klawf.png,success,canonical-full-asset,
0951,Capsakid,https://www.pokemon.com/us/pokedex/capsakid,https://www.pokemon.com/static-assets/content-assets/cms2/img/pokedex/full/951.png,0951_capsakid.png,success,canonical-full-asset,
0952,Scovillain,https://www.pokemon.com/us/pokedex/scovillain,https://www.pokemon.com/static-assets/content-assets/cms2/img/pokedex/full/952.png,0952_scovillain.png,success,canonical-full-asset,
0953,Rellor,https://www.pokemon.com/us/pokedex/rellor,https://www.pokemon.com/static-assets/content-assets/cms2/img/pokedex/full/953.png,0953_rellor.png,success,canonical-full-asset,
0954,Rabsca,https://www.pokemon.com/us/pokedex/rabsca,https://www.pokemon.com/static-assets/content-assets/cms2/img/pokedex/full/954.png,0954_rabsca.png,success,canonical-full-asset,
0955,Flittle,https://www.pokemon.com/us/pokedex/flittle,https://www.pokemon.com/static-assets/content-assets/cms2/img/pokedex/full/955.png,0955_flittle.png,success,canonical-full-asset,
0956,Espathra,https://www.pokemon.com/us/pokedex/espathra,https://www.pokemon.com/static-assets/content-assets/cms2/img/pokedex/full/956.png,0956_espathra.png,success,canonical-full-asset,
0957,Tinkatink,https://www.pokemon.com/us/pokedex/tinkatink,https://www.pokemon.com/static-assets/content-assets/cms2/img/pokedex/full/957.png,0957_tinkatink.png,success,canonical-full-asset,
0958,Tinkatuff,https://www.pokemon.com/us/pokedex/tinkatuff,https://www.pokemon.com/static-assets/content-assets/cms2/img/pokedex/full/958.png,0958_tinkatuff.png,success,canonical-full-asset,
0959,Tinkaton,https://www.pokemon.com/us/pokedex/tinkaton,https://www.pokemon.com/static-assets/content-assets/cms2/img/pokedex/full/959.png,0959_tinkaton.png,success,canonical-full-asset,
0960,Wiglett,https://www.pokemon.com/us/pokedex/wiglett,https://www.pokemon.com/static-assets/content-assets/cms2/img/pokedex/full/960.png,0960_wiglett.png,success,canonical-full-asset,
0961,Wugtrio,https://www.pokemon.com/us/pokedex/wugtrio,https://www.pokemon.com/static-assets/content-assets/cms2/img/pokedex/full/961.png,0961_wugtrio.png,success,canonical-full-asset,
0962,Bombirdier,https://www.pokemon.com/us/pokedex/bombirdier,https://www.pokemon.com/static-assets/content-assets/cms2/img/pokedex/full/962.png,0962_bombirdier.png,success,canonical-full-asset,
0963,Finizen,https://www.pokemon.com/us/pokedex/finizen,https://www.pokemon.com/static-assets/content-assets/cms2/img/pokedex/full/963.png,0963_finizen.png,success,canonical-full-asset,
0964,Palafin,https://www.pokemon.com/us/pokedex/palafin,https://www.pokemon.com/static-assets/content-assets/cms2/img/pokedex/full/964.png,0964_palafin.png,success,canonical-full-asset,
0965,Varoom,https://www.pokemon.com/us/pokedex/varoom,https://www.pokemon.com/static-assets/content-assets/cms2/img/pokedex/full/965.png,0965_varoom.png,success,canonical-full-asset,
0966,Revavroom,https://www.pokemon.com/us/pokedex/revavroom,https://www.pokemon.com/static-assets/content-assets/cms2/img/pokedex/full/966.png,0966_revavroom.png,success,canonical-full-asset,
0967,Cyclizar,https://www.pokemon.com/us/pokedex/cyclizar,https://www.pokemon.com/static-assets/content-assets/cms2/img/pokedex/full/967.png,0967_cyclizar.png,success,canonical-full-asset,
0968,Orthworm,https://www.pokemon.com/us/pokedex/orthworm,https://www.pokemon.com/static-assets/content-assets/cms2/img/pokedex/full/968.png,0968_orthworm.png,success,canonical-full-asset,
0969,Glimmet,https://www.pokemon.com/us/pokedex/glimmet,https://www.pokemon.com/static-assets/content-assets/cms2/img/pokedex/full/969.png,0969_glimmet.png,success,canonical-full-asset,
0970,Glimmora,https://www.pokemon.com/us/pokedex/glimmora,https://www.pokemon.com/static-assets/content-assets/cms2/img/pokedex/full/970.png,0970_glimmora.png,success,canonical-full-asset,
0971,Greavard,https://www.pokemon.com/us/pokedex/greavard,https://www.pokemon.com/static-assets/content-assets/cms2/img/pokedex/full/971.png,0971_greavard.png,success,canonical-full-asset,
0972,Houndstone,https://www.pokemon.com/us/pokedex/houndstone,https://www.pokemon.com/static-assets/content-assets/cms2/img/pokedex/full/972.png,0972_houndstone.png,success,canonical-full-asset,
0973,Flamigo,https://www.pokemon.com/us/pokedex/flamigo,https://www.pokemon.com/static-assets/content-assets/cms2/img/pokedex/full/973.png,0973_flamigo.png,success,canonical-full-asset,
0974,Cetoddle,https://www.pokemon.com/us/pokedex/cetoddle,https://www.pokemon.com/static-assets/content-assets/cms2/img/pokedex/full/974.png,0974_cetoddle.png,success,canonical-full-asset,
0975,Cetitan,https://www.pokemon.com/us/pokedex/cetitan,https://www.pokemon.com/static-assets/content-assets/cms2/img/pokedex/full/975.png,0975_cetitan.png,success,canonical-full-asset,
0976,Veluza,https://www.pokemon.com/us/pokedex/veluza,https://www.pokemon.com/static-assets/content-assets/cms2/img/pokedex/full/976.png,0976_veluza.png,success,canonical-full-asset,
0977,Dondozo,https://www.pokemon.com/us/pokedex/dondozo,https://www.pokemon.com/static-assets/content-assets/cms2/img/pokedex/full/977.png,0977_dondozo.png,success,canonical-full-asset,
0978,Tatsugiri,https://www.pokemon.com/us/pokedex/tatsugiri,https://www.pokemon.com/static-assets/content-assets/cms2/img/pokedex/full/978.png,0978_tatsugiri.png,success,canonical-full-asset,
0979,Annihilape,https://www.pokemon.com/us/pokedex/annihilape,https://www.pokemon.com/static-assets/content-assets/cms2/img/pokedex/full/979.png,0979_annihilape.png,success,canonical-full-asset,
0980,Clodsire,https://www.pokemon.com/us/pokedex/clodsire,https://www.pokemon.com/static-assets/content-assets/cms2/img/pokedex/full/980.png,0980_clodsire.png,success,canonical-full-asset,
0981,Farigiraf,https://www.pokemon.com/us/pokedex/farigiraf,https://www.pokemon.com/static-assets/content-assets/cms2/img/pokedex/full/981.png,0981_farigiraf.png,success,canonical-full-asset,
0982,Dudunsparce,https://www.pokemon.com/us/pokedex/dudunsparce,https://www.pokemon.com/static-assets/content-assets/cms2/img/pokedex/full/982.png,0982_dudunsparce.png,success,canonical-full-asset,
0983,Kingambit,https://www.pokemon.com/us/pokedex/kingambit,https://www.pokemon.com/static-assets/content-assets/cms2/img/pokedex/full/983.png,0983_kingambit.png,success,canonical-full-asset,
0984,Great Tusk,https://www.pokemon.com/us/pokedex/great-tusk,https://www.pokemon.com/static-assets/content-assets/cms2/img/pokedex/full/984.png,0984_great_tusk.png,success,canonical-full-asset,
0985,Scream Tail,https://www.pokemon.com/us/pokedex/scream-tail,https://www.pokemon.com/static-assets/content-assets/cms2/img/pokedex/full/985.png,0985_scream_tail.png,success,canonical-full-asset,
0986,Brute Bonnet,https://www.pokemon.com/us/pokedex/brute-bonnet,https://www.pokemon.com/static-assets/content-assets/cms2/img/pokedex/full/986.png,0986_brute_bonnet.png,success,canonical-full-asset,
0987,Flutter Mane,https://www.pokemon.com/us/pokedex/flutter-mane,https://www.pokemon.com/static-assets/content-assets/cms2/img/pokedex/full/987.png,0987_flutter_mane.png,success,canonical-full-asset,
0988,Slither Wing,https://www.pokemon.com/us/pokedex/slither-wing,https://www.pokemon.com/static-assets/content-assets/cms2/img/pokedex/full/988.png,0988_slither_wing.png,success,canonical-full-asset,
0989,Sandy Shocks,https://www.pokemon.com/us/pokedex/sandy-shocks,https://www.pokemon.com/static-assets/content-assets/cms2/img/pokedex/full/989.png,0989_sandy_shocks.png,success,canonical-full-asset,
0990,Iron Treads,https://www.pokemon.com/us/pokedex/iron-treads,https://www.pokemon.com/static-assets/content-assets/cms2/img/pokedex/full/990.png,0990_iron_treads.png,success,canonical-full-asset,
0991,Iron Bundle,https://www.pokemon.com/us/pokedex/iron-bundle,https://www.pokemon.com/static-assets/content-assets/cms2/img/pokedex/full/991.png,0991_iron_bundle.png,success,canonical-full-asset,
0992,Iron Hands,https://www.pokemon.com/us/pokedex/iron-hands,https://www.pokemon.com/static-assets/content-assets/cms2/img/pokedex/full/992.png,0992_iron_hands.png,success,canonical-full-asset,
0993,Iron Jugulis,https://www.pokemon.com/us/pokedex/iron-jugulis,https://www.pokemon.com/static-assets/content-assets/cms2/img/pokedex/full/993.png,0993_iron_jugulis.png,success,canonical-full-asset,
0994,Iron Moth,https://www.pokemon.com/us/pokedex/iron-moth,https://www.pokemon.com/static-assets/content-assets/cms2/img/pokedex/full/994.png,0994_iron_moth.png,success,canonical-full-asset,
0995,Iron Thorns,https://www.pokemon.com/us/pokedex/iron-thorns,https://www.pokemon.com/static-assets/content-assets/cms2/img/pokedex/full/995.png,0995_iron_thorns.png,success,canonical-full-asset,
0996,Frigibax,https://www.pokemon.com/us/pokedex/frigibax,https://www.pokemon.com/static-assets/content-assets/cms2/img/pokedex/full/996.png,0996_frigibax.png,success,canonical-full-asset,
0997,Arctibax,https://www.pokemon.com/us/pokedex/arctibax,https://www.pokemon.com/static-assets/content-assets/cms2/img/pokedex/full/997.png,0997_arctibax.png,success,canonical-full-asset,
0998,Baxcalibur,https://www.pokemon.com/us/pokedex/baxcalibur,https://www.pokemon.com/static-assets/content-assets/cms2/img/pokedex/full/998.png,0998_baxcalibur.png,success,canonical-full-asset,
0999,Gimmighoul,https://www.pokemon.com/us/pokedex/gimmighoul,https://www.pokemon.com/static-assets/content-assets/cms2/img/pokedex/full/999.png,0999_gimmighoul.png,success,canonical-full-asset,
1000,Gholdengo,https://www.pokemon.com/us/pokedex/gholdengo,https://www.pokemon.com/static-assets/content-assets/cms2/img/pokedex/full/1000.png,1000_gholdengo.png,success,canonical-full-asset,
1001,Wo Chien,https://www.pokemon.com/us/pokedex/wo-chien,https://www.pokemon.com/static-assets/content-assets/cms2/img/pokedex/full/1001.png,1001_wo_chien.png,success,canonical-full-asset,
1002,Chien Pao,https://www.pokemon.com/us/pokedex/chien-pao,https://www.pokemon.com/static-assets/content-assets/cms2/img/pokedex/full/1002.png,1002_chien_pao.png,success,canonical-full-asset,
1003,Ting Lu,https://www.pokemon.com/us/pokedex/ting-lu,https://www.pokemon.com/static-assets/content-assets/cms2/img/pokedex/full/1003.png,1003_ting_lu.png,success,canonical-full-asset,
1004,Chi Yu,https://www.pokemon.com/us/pokedex/chi-yu,https://www.pokemon.com/static-assets/content-assets/cms2/img/pokedex/full/1004.png,1004_chi_yu.png,success,canonical-full-asset,
1005,Roaring Moon,https://www.pokemon.com/us/pokedex/roaring-moon,https://www.pokemon.com/static-assets/content-assets/cms2/img/pokedex/full/1005.png,1005_roaring_moon.png,success,canonical-full-asset,
1006,Iron Valiant,https://www.pokemon.com/us/pokedex/iron-valiant,https://www.pokemon.com/static-assets/content-assets/cms2/img/pokedex/full/1006.png,1006_iron_valiant.png,success,canonical-full-asset,
1007,Koraidon,https://www.pokemon.com/us/pokedex/koraidon,https://www.pokemon.com/static-assets/content-assets/cms2/img/pokedex/full/1007.png,1007_koraidon.png,success,canonical-full-asset,
1008,Miraidon,https://www.pokemon.com/us/pokedex/miraidon,https://www.pokemon.com/static-assets/content-assets/cms2/img/pokedex/full/1008.png,1008_miraidon.png,success,canonical-full-asset,
1009,Walking Wake,https://www.pokemon.com/us/pokedex/walking-wake,https://www.pokemon.com/static-assets/content-assets/cms2/img/pokedex/full/1009.png,1009_walking_wake.png,success,canonical-full-asset,
1010,Iron Leaves,https://www.pokemon.com/us/pokedex/iron-leaves,https://www.pokemon.com/static-assets/content-assets/cms2/img/pokedex/full/1010.png,1010_iron_leaves.png,success,canonical-full-asset,
1011,Dipplin,https://www.pokemon.com/us/pokedex/dipplin,https://www.pokemon.com/static-assets/content-assets/cms2/img/pokedex/full/1011.png,1011_dipplin.png,success,canonical-full-asset,
1012,Poltchageist,https://www.pokemon.com/us/pokedex/poltchageist,https://www.pokemon.com/static-assets/content-assets/cms2/img/pokedex/full/1012.png,1012_poltchageist.png,success,canonical-full-asset,
1013,Sinistcha,https://www.pokemon.com/us/pokedex/sinistcha,https://www.pokemon.com/static-assets/content-assets/cms2/img/pokedex/full/1013.png,1013_sinistcha.png,success,canonical-full-asset,
1014,Okidogi,https://www.pokemon.com/us/pokedex/okidogi,https://www.pokemon.com/static-assets/content-assets/cms2/img/pokedex/full/1014.png,1014_okidogi.png,success,canonical-full-asset,
1015,Munkidori,https://www.pokemon.com/us/pokedex/munkidori,https://www.pokemon.com/static-assets/content-assets/cms2/img/pokedex/full/1015.png,1015_munkidori.png,success,canonical-full-asset,
1016,Fezandipiti,https://www.pokemon.com/us/pokedex/fezandipiti,https://www.pokemon.com/static-assets/content-assets/cms2/img/pokedex/full/1016.png,1016_fezandipiti.png,success,canonical-full-asset,
1017,Ogerpon,https://www.pokemon.com/us/pokedex/ogerpon,https://www.pokemon.com/static-assets/content-assets/cms2/img/pokedex/full/1017.png,1017_ogerpon.png,success,canonical-full-asset,
1018,Archaludon,https://www.pokemon.com/us/pokedex/archaludon,https://www.pokemon.com/static-assets/content-assets/cms2/img/pokedex/full/1018.png,1018_archaludon.png,success,canonical-full-asset,
1019,Hydrapple,https://www.pokemon.com/us/pokedex/hydrapple,https://www.pokemon.com/static-assets/content-assets/cms2/img/pokedex/full/1019.png,1019_hydrapple.png,success,canonical-full-asset,
1020,Gouging Fire,https://www.pokemon.com/us/pokedex/gouging-fire,https://www.pokemon.com/static-assets/content-assets/cms2/img/pokedex/full/1020.png,1020_gouging_fire.png,success,canonical-full-asset,
1021,Raging Bolt,https://www.pokemon.com/us/pokedex/raging-bolt,https://www.pokemon.com/static-assets/content-assets/cms2/img/pokedex/full/1021.png,1021_raging_bolt.png,success,canonical-full-asset,
1022,Iron Boulder,https://www.pokemon.com/us/pokedex/iron-boulder,https://www.pokemon.com/static-assets/content-assets/cms2/img/pokedex/full/1022.png,1022_iron_boulder.png,success,canonical-full-asset,
1023,Iron Crown,https://www.pokemon.com/us/pokedex/iron-crown,https://www.pokemon.com/static-assets/content-assets/cms2/img/pokedex/full/1023.png,1023_iron_crown.png,success,canonical-full-asset,
1024,Terapagos,https://www.pokemon.com/us/pokedex/terapagos,https://www.pokemon.com/static-assets/content-assets/cms2/img/pokedex/full/1024.png,1024_terapagos.png,success,canonical-full-asset,
1025,Pecharunt,https://www.pokemon.com/us/pokedex/pecharunt,https://www.pokemon.com/static-assets/content-assets/cms2/img/pokedex/full/1025.png,1025_pecharunt.png,success,canonical-full-asset,
